DROP TABLE IF EXISTS deguisement;
DROP TABLE IF EXISTS vendre;
DROP TABLE IF EXISTS personne;
DROP TABLE IF EXISTS soiree;
DROP TABLE IF EXISTS participe;

CREATE TABLE deguisement (
	modele varchar(25) primary key,
	avatar varchar(25),
	marque varchar(25)
);

CREATE TABLE vendre (
	nomMag varchar(25),
	modele varchar(25) REFERENCES deguisement(modele),
	taille varchar(3),
	prix float,
	PRIMARY KEY(nomMag,modele,taille)
);

CREATE TABLE personne (
	surnom varchar(25) primary key,
	nom varchar(25),
	prenom varchar(25),
	age int,
	taille int
);

CREATE TABLE soiree (
	idS int primary key,
	lieu varchar(25),
	date date,
	entree int,
	organisateur varchar(25) REFERENCES personne(surnom),
	nbmax int
);

CREATE TABLE participe (
	idS int REFERENCES soiree(idS),
	surnom varchar(25) REFERENCES personne(surnom),
	avatar varchar(25),
	PRIMARY KEY(idS,surnom)
);


--Filling table deguisement:
INSERT INTO deguisement VALUES ('min0','minion','SoParty');
INSERT INTO deguisement VALUES ('lex1','Lex Luthor','Voilà');
INSERT INTO deguisement VALUES ('sup2','Superman','LARP&co');
INSERT INTO deguisement VALUES ('min3','minion','OutfitMe');
INSERT INTO deguisement VALUES ('pir4','pirate','Smify');
INSERT INTO deguisement VALUES ('bat5','Batgirl','LARP&co');
INSERT INTO deguisement VALUES ('lui6','Luigi','Voilà');
INSERT INTO deguisement VALUES ('ann7','Anna','LARP&co');
INSERT INTO deguisement VALUES ('tin8','Tintin','Voilà');
INSERT INTO deguisement VALUES ('bla9','Blanche Neige','SoParty');
INSERT INTO deguisement VALUES ('lui10','Luigi','7à77');
INSERT INTO deguisement VALUES ('lex11','Lex Luthor','Voilà');
INSERT INTO deguisement VALUES ('dar12','Darth Vader','LARP&co');
INSERT INTO deguisement VALUES ('tin13','Tintin','SoParty');
INSERT INTO deguisement VALUES ('ker14','Kerrigan','Voilà');
INSERT INTO deguisement VALUES ('ali15','alien','Voilà');
INSERT INTO deguisement VALUES ('kat16','Katniss','Voilà');
INSERT INTO deguisement VALUES ('orc17','orc','Voilà');
INSERT INTO deguisement VALUES ('bla18','Blanche Neige','Smify');
INSERT INTO deguisement VALUES ('obe19','Obelix','SoParty');
INSERT INTO deguisement VALUES ('lar20','Lara Croft','SoParty');
INSERT INTO deguisement VALUES ('dra21','dragon','Voilà');
INSERT INTO deguisement VALUES ('fro22','Frodon','SoParty');
INSERT INTO deguisement VALUES ('clo23','Cloud Strife','OutfitMe');
INSERT INTO deguisement VALUES ('pea24','Peach','OutfitMe');
INSERT INTO deguisement VALUES ('ban25','bandit','7à77');
INSERT INTO deguisement VALUES ('cat26','Catwoman','LARP&co');
INSERT INTO deguisement VALUES ('sep27','Sephiroth','OutfitMe');
INSERT INTO deguisement VALUES ('xii28','XIII','Smify');
INSERT INTO deguisement VALUES ('pri29','princesse','SoParty');
INSERT INTO deguisement VALUES ('fée30','fée','Voilà');
INSERT INTO deguisement VALUES ('cap31','Captain America','LARP&co');
INSERT INTO deguisement VALUES ('ann32','Anna','7à77');
INSERT INTO deguisement VALUES ('rey33','Rey','LARP&co');
INSERT INTO deguisement VALUES ('rey34','Rey','Voilà');
INSERT INTO deguisement VALUES ('pri35','princesse','Voilà');
INSERT INTO deguisement VALUES ('rey36','Rey','OutfitMe');
INSERT INTO deguisement VALUES ('ali37','alien','OutfitMe');
INSERT INTO deguisement VALUES ('pol38','policier','Voilà');
INSERT INTO deguisement VALUES ('ind39','indien','Smify');
INSERT INTO deguisement VALUES ('clo40','Clochette','LARP&co');
INSERT INTO deguisement VALUES ('nin41','ninja','Voilà');
INSERT INTO deguisement VALUES ('tif42','Tifa Lockhart','Voilà');
INSERT INTO deguisement VALUES ('ali43','alien','Smify');
INSERT INTO deguisement VALUES ('tin44','Tintin','7à77');
INSERT INTO deguisement VALUES ('elf45','elfe','LARP&co');
INSERT INTO deguisement VALUES ('aur46','Aurore','SoParty');
INSERT INTO deguisement VALUES ('nin47','ninja','Smify');
INSERT INTO deguisement VALUES ('gan48','Gandalf','SoParty');
INSERT INTO deguisement VALUES ('ali49','alien','Smify');


---Filling table vendre:
INSERT INTO vendre VALUES ('Amazones','bla9','M',39.99);
INSERT INTO vendre VALUES ('Amazones','gan48','XXL',51.5);
INSERT INTO vendre VALUES ('Amazones','ali49','S',23.5);
INSERT INTO vendre VALUES ('Amazones','ban25','XL',70.5);
INSERT INTO vendre VALUES ('Amazones','orc17','M',51.5);
INSERT INTO vendre VALUES ('Amazones','orc17','L',24.99);
INSERT INTO vendre VALUES ('Amazones','orc17','XL',45.99);
INSERT INTO vendre VALUES ('Amazones','clo23','S',40.5);
INSERT INTO vendre VALUES ('Amazones','clo23','M',57.5);
INSERT INTO vendre VALUES ('Amazones','pir4','XL',50.5);
INSERT INTO vendre VALUES ('Amazones','pri35','L',30.5);
INSERT INTO vendre VALUES ('Amazones','pri35','XL',37.5);
INSERT INTO vendre VALUES ('Amazones','lex1','XS',59.99);
INSERT INTO vendre VALUES ('Amazones','lex1','S',71);
INSERT INTO vendre VALUES ('Amazones','lex1','M',52.5);
INSERT INTO vendre VALUES ('Amazones','lex1','L',39.5);
INSERT INTO vendre VALUES ('Amazones','lex1','XL',40);
INSERT INTO vendre VALUES ('Amazones','pea24','XL',37);
INSERT INTO vendre VALUES ('Amazones','tin44','S',45.5);
INSERT INTO vendre VALUES ('Amazones','tin44','M',47);
INSERT INTO vendre VALUES ('Amazones','nin41','XXL',42.5);
INSERT INTO vendre VALUES ('Amazones','min0','M',40.99);
INSERT INTO vendre VALUES ('Amazones','min0','L',22.5);
INSERT INTO vendre VALUES ('Amazones','cat26','L',47.5);
INSERT INTO vendre VALUES ('Amazones','cat26','XL',34);
INSERT INTO vendre VALUES ('Amazones','cat26','XXL',22);
INSERT INTO vendre VALUES ('Amazones','rey33','XXL',57.99);
INSERT INTO vendre VALUES ('Amazones','fro22','S',42.99);
INSERT INTO vendre VALUES ('Amazones','fro22','M',24.99);
INSERT INTO vendre VALUES ('Amazones','fro22','L',32.5);
INSERT INTO vendre VALUES ('Amazones','fro22','XL',65.99);
INSERT INTO vendre VALUES ('Amazones','tin13','XS',39);
INSERT INTO vendre VALUES ('Amazones','tin13','S',55.5);
INSERT INTO vendre VALUES ('Amazones','tin13','M',56.99);
INSERT INTO vendre VALUES ('Amazones','tin13','L',22.5);
INSERT INTO vendre VALUES ('Amazones','tin13','XL',53.99);
INSERT INTO vendre VALUES ('Amazones','tin13','XXL',54.99);
INSERT INTO vendre VALUES ('Amazones','elf45','S',32.99);
INSERT INTO vendre VALUES ('Amazones','elf45','M',52);
INSERT INTO vendre VALUES ('Amazones','pol38','XXL',26);
INSERT INTO vendre VALUES ('Amazones','ali43','M',68.99);
INSERT INTO vendre VALUES ('Amazones','ali43','L',58.5);
INSERT INTO vendre VALUES ('Amazones','bla18','S',64.99);
INSERT INTO vendre VALUES ('Amazones','bla18','M',34.99);
INSERT INTO vendre VALUES ('Amazones','bla18','L',32);
INSERT INTO vendre VALUES ('Amazones','bla18','XL',29);
INSERT INTO vendre VALUES ('Amazones','nin47','M',25.99);
INSERT INTO vendre VALUES ('Amazones','nin47','L',75);
INSERT INTO vendre VALUES ('Amazones','nin47','XL',30.99);
INSERT INTO vendre VALUES ('Amazones','lui10','L',53.5);
INSERT INTO vendre VALUES ('Angélique','lui6','XS',30);
INSERT INTO vendre VALUES ('Angélique','kat16','S',30.99);
INSERT INTO vendre VALUES ('Angélique','kat16','M',64.99);
INSERT INTO vendre VALUES ('Angélique','kat16','L',51.5);
INSERT INTO vendre VALUES ('Angélique','kat16','XL',25);
INSERT INTO vendre VALUES ('Angélique','ind39','L',20.99);
INSERT INTO vendre VALUES ('Angélique','ind39','XL',61.99);
INSERT INTO vendre VALUES ('Angélique','bla9','XXL',34.5);
INSERT INTO vendre VALUES ('Angélique','elf45','M',46.99);
INSERT INTO vendre VALUES ('Angélique','elf45','L',59.5);
INSERT INTO vendre VALUES ('Angélique','elf45','XL',70);
INSERT INTO vendre VALUES ('Angélique','elf45','XXL',51);
INSERT INTO vendre VALUES ('Angélique','cat26','XS',33.99);
INSERT INTO vendre VALUES ('Angélique','fro22','L',25);
INSERT INTO vendre VALUES ('Angélique','rey34','L',37.5);
INSERT INTO vendre VALUES ('Angélique','rey34','XL',62.5);
INSERT INTO vendre VALUES ('Angélique','xii28','L',23);
INSERT INTO vendre VALUES ('Angélique','xii28','XL',65.5);
INSERT INTO vendre VALUES ('Angélique','xii28','XXL',38.99);
INSERT INTO vendre VALUES ('Angélique','rey36','M',30);
INSERT INTO vendre VALUES ('Angélique','rey36','L',65.5);
INSERT INTO vendre VALUES ('Angélique','rey36','XL',59.5);
INSERT INTO vendre VALUES ('Angélique','aur46','M',68);
INSERT INTO vendre VALUES ('Angélique','tif42','M',58);
INSERT INTO vendre VALUES ('Angélique','tif42','L',33.99);
INSERT INTO vendre VALUES ('Angélique','tif42','XL',70);
INSERT INTO vendre VALUES ('Angélique','cap31','M',71.99);
INSERT INTO vendre VALUES ('Angélique','cap31','L',48.99);
INSERT INTO vendre VALUES ('Angélique','cap31','XL',52.5);
INSERT INTO vendre VALUES ('Angélique','lui10','M',45);
INSERT INTO vendre VALUES ('Angélique','lui10','L',31.99);
INSERT INTO vendre VALUES ('Angélique','lui10','XL',60.5);
INSERT INTO vendre VALUES ('Angélique','pir4','S',24.99);
INSERT INTO vendre VALUES ('Angélique','pir4','M',69);
INSERT INTO vendre VALUES ('Angélique','pir4','L',59.5);
INSERT INTO vendre VALUES ('Angélique','bat5','M',30);
INSERT INTO vendre VALUES ('Angélique','bat5','L',40.5);
INSERT INTO vendre VALUES ('Angélique','bat5','XL',50);
INSERT INTO vendre VALUES ('Angélique','gan48','M',27);
INSERT INTO vendre VALUES ('Angélique','gan48','L',70.99);
INSERT INTO vendre VALUES ('Angélique','gan48','XL',67.5);
INSERT INTO vendre VALUES ('Angélique','dar12','XL',45.99);
INSERT INTO vendre VALUES ('Angélique','dar12','XXL',32.99);
INSERT INTO vendre VALUES ('Angélique','clo23','S',60.99);
INSERT INTO vendre VALUES ('Angélique','clo23','M',48.5);
INSERT INTO vendre VALUES ('Angélique','clo23','L',64.99);
INSERT INTO vendre VALUES ('Angélique','rey33','S',51);
INSERT INTO vendre VALUES ('Angélique','rey33','M',29.99);
INSERT INTO vendre VALUES ('Angélique','rey33','L',68.5);
INSERT INTO vendre VALUES ('Angélique','rey33','XL',39.99);
INSERT INTO vendre VALUES ('Angélique','rey33','XXL',75.5);
INSERT INTO vendre VALUES ('Gladys','lar20','XXL',58.5);
INSERT INTO vendre VALUES ('Gladys','tin8','XXL',56);
INSERT INTO vendre VALUES ('Gladys','rey36','XL',49.99);
INSERT INTO vendre VALUES ('Gladys','rey33','XS',68);
INSERT INTO vendre VALUES ('Gladys','rey33','S',24.5);
INSERT INTO vendre VALUES ('Gladys','rey33','M',25);
INSERT INTO vendre VALUES ('Gladys','orc17','XL',63.99);
INSERT INTO vendre VALUES ('Gladys','orc17','XXL',22.99);
INSERT INTO vendre VALUES ('Gladys','min3','XL',56);
INSERT INTO vendre VALUES ('Gladys','lui6','XL',66);
INSERT INTO vendre VALUES ('Gladys','lui6','XXL',54.99);
INSERT INTO vendre VALUES ('Gladys','dra21','XS',69.99);
INSERT INTO vendre VALUES ('Gladys','dra21','S',72.99);
INSERT INTO vendre VALUES ('Gladys','dra21','M',74.5);
INSERT INTO vendre VALUES ('Gladys','dra21','L',32.5);
INSERT INTO vendre VALUES ('Gladys','dra21','XL',51.99);
INSERT INTO vendre VALUES ('Gladys','dra21','XXL',29);
INSERT INTO vendre VALUES ('Gladys','nin47','S',63);
INSERT INTO vendre VALUES ('Gladys','nin47','M',51.99);
INSERT INTO vendre VALUES ('Gladys','nin47','L',55);
INSERT INTO vendre VALUES ('Gladys','nin47','XL',34.99);
INSERT INTO vendre VALUES ('Gladys','ann32','XXL',68.99);
INSERT INTO vendre VALUES ('Gladys','obe19','M',68.99);
INSERT INTO vendre VALUES ('Gladys','obe19','L',32);
INSERT INTO vendre VALUES ('Gladys','obe19','XL',31.5);
INSERT INTO vendre VALUES ('Gladys','clo40','XL',27.5);
INSERT INTO vendre VALUES ('Gladys','tif42','S',54.5);
INSERT INTO vendre VALUES ('Gladys','cap31','XL',33.5);
INSERT INTO vendre VALUES ('Gladys','cap31','XXL',53);
INSERT INTO vendre VALUES ('Gladys','rey34','M',55);
INSERT INTO vendre VALUES ('Gladys','rey34','L',64.5);
INSERT INTO vendre VALUES ('Gladys','fro22','XL',55);
INSERT INTO vendre VALUES ('Gladys','fro22','XXL',48.99);
INSERT INTO vendre VALUES ('Gladys','ind39','XL',65);
INSERT INTO vendre VALUES ('Gladys','ind39','XXL',69.99);
INSERT INTO vendre VALUES ('Gladys','ali43','M',45);
INSERT INTO vendre VALUES ('Gladys','ali43','L',73);
INSERT INTO vendre VALUES ('Gladys','pol38','M',43.99);
INSERT INTO vendre VALUES ('Gladys','ban25','XXL',59.99);
INSERT INTO vendre VALUES ('Gladys','min0','S',38.99);
INSERT INTO vendre VALUES ('Gladys','min0','M',61);
INSERT INTO vendre VALUES ('Gladys','ali37','XS',73.99);
INSERT INTO vendre VALUES ('Gladys','ali37','S',23.99);
INSERT INTO vendre VALUES ('Gladys','ali37','M',63.5);
INSERT INTO vendre VALUES ('Gladys','ali37','L',70.99);
INSERT INTO vendre VALUES ('Gladys','cat26','XXL',29.5);
INSERT INTO vendre VALUES ('Gladys','kat16','XXL',32.99);
INSERT INTO vendre VALUES ('Gladys','pea24','M',40.5);
INSERT INTO vendre VALUES ('Gladys','pea24','L',33.5);
INSERT INTO vendre VALUES ('Gladys','pea24','XL',45.99);
INSERT INTO vendre VALUES ('Gladys','pea24','XXL',71.5);
INSERT INTO vendre VALUES ('Gladys','lex1','XS',41.5);
INSERT INTO vendre VALUES ('Gladys','lex1','S',49.5);
INSERT INTO vendre VALUES ('Gladys','lex1','M',61.99);
INSERT INTO vendre VALUES ('La fée clochette','bla18','XXL',68.99);
INSERT INTO vendre VALUES ('La fée clochette','elf45','XS',44);
INSERT INTO vendre VALUES ('La fée clochette','elf45','S',49);
INSERT INTO vendre VALUES ('La fée clochette','pol38','XS',27);
INSERT INTO vendre VALUES ('La fée clochette','pol38','S',45.99);
INSERT INTO vendre VALUES ('La fée clochette','pol38','M',20);
INSERT INTO vendre VALUES ('La fée clochette','pol38','L',59.5);
INSERT INTO vendre VALUES ('La fée clochette','pol38','XL',52.99);
INSERT INTO vendre VALUES ('La fée clochette','rey34','XXL',59.99);
INSERT INTO vendre VALUES ('La fée clochette','obe19','XS',68.5);
INSERT INTO vendre VALUES ('La fée clochette','obe19','S',48.5);
INSERT INTO vendre VALUES ('La fée clochette','obe19','M',40);
INSERT INTO vendre VALUES ('La fée clochette','obe19','L',28);
INSERT INTO vendre VALUES ('La fée clochette','obe19','XL',56.5);
INSERT INTO vendre VALUES ('La fée clochette','fée30','XS',69.5);
INSERT INTO vendre VALUES ('La fée clochette','fée30','S',42.5);
INSERT INTO vendre VALUES ('La fée clochette','fée30','M',54.5);
INSERT INTO vendre VALUES ('La fée clochette','fée30','L',32.5);
INSERT INTO vendre VALUES ('La fée clochette','fée30','XL',57);
INSERT INTO vendre VALUES ('La fée clochette','fée30','XXL',37.5);
INSERT INTO vendre VALUES ('La fée clochette','gan48','XS',40.5);
INSERT INTO vendre VALUES ('La fée clochette','gan48','S',55.5);
INSERT INTO vendre VALUES ('La fée clochette','gan48','M',65);
INSERT INTO vendre VALUES ('La fée clochette','gan48','L',35.99);
INSERT INTO vendre VALUES ('La fée clochette','gan48','XL',67.99);
INSERT INTO vendre VALUES ('La fée clochette','pri35','S',51.5);
INSERT INTO vendre VALUES ('La fée clochette','pri35','M',51);
INSERT INTO vendre VALUES ('La fée clochette','pri35','L',69.5);
INSERT INTO vendre VALUES ('La fée clochette','pri35','XL',58.99);
INSERT INTO vendre VALUES ('La fée clochette','pri35','XXL',21.5);
INSERT INTO vendre VALUES ('La fée clochette','ali37','M',60.99);
INSERT INTO vendre VALUES ('La fée clochette','ali37','L',67.5);
INSERT INTO vendre VALUES ('La fée clochette','ali37','XL',50.5);
INSERT INTO vendre VALUES ('La fée clochette','ali37','XXL',27.99);
INSERT INTO vendre VALUES ('La fée clochette','bat5','XS',24.99);
INSERT INTO vendre VALUES ('La fée clochette','bat5','S',25.99);
INSERT INTO vendre VALUES ('La fée clochette','bat5','M',39.99);
INSERT INTO vendre VALUES ('La fée clochette','clo23','L',20.5);
INSERT INTO vendre VALUES ('La fée clochette','clo23','XL',25.99);
INSERT INTO vendre VALUES ('La fée clochette','clo23','XXL',34.99);
INSERT INTO vendre VALUES ('La fée clochette','nin47','XL',23.5);
INSERT INTO vendre VALUES ('La fée clochette','rey36','M',31.99);
INSERT INTO vendre VALUES ('La fée clochette','rey36','L',25.99);
INSERT INTO vendre VALUES ('La fée clochette','rey36','XL',21.99);
INSERT INTO vendre VALUES ('La fée clochette','rey36','XXL',22.5);
INSERT INTO vendre VALUES ('La fée clochette','dar12','S',30);
INSERT INTO vendre VALUES ('La fée clochette','dar12','M',69.99);
INSERT INTO vendre VALUES ('La fée clochette','dar12','L',32);
INSERT INTO vendre VALUES ('La fée clochette','dar12','XL',28);
INSERT INTO vendre VALUES ('La fée clochette','dar12','XXL',67.5);
INSERT INTO vendre VALUES ('La fée clochette','clo40','L',40.5);
INSERT INTO vendre VALUES ('La fée clochette','clo40','XL',69.99);
INSERT INTO vendre VALUES ('La fée clochette','clo40','XXL',70.99);
INSERT INTO vendre VALUES ('La fée clochette','min3','XS',59.99);
INSERT INTO vendre VALUES ('La fée clochette','min3','S',51);
INSERT INTO vendre VALUES ('La fée clochette','min3','M',24.5);
INSERT INTO vendre VALUES ('La fée clochette','min3','L',61.5);
INSERT INTO vendre VALUES ('La fée clochette','cap31','XS',45.5);
INSERT INTO vendre VALUES ('La fée clochette','cap31','S',64.99);
INSERT INTO vendre VALUES ('La fée clochette','cap31','M',55.5);
INSERT INTO vendre VALUES ('La fée clochette','cap31','L',58.99);
INSERT INTO vendre VALUES ('La fée clochette','cap31','XL',64);
INSERT INTO vendre VALUES ('La fée clochette','ban25','XXL',53.99);
INSERT INTO vendre VALUES ('La fée clochette','nin41','S',55);
INSERT INTO vendre VALUES ('La fée clochette','nin41','M',20);
INSERT INTO vendre VALUES ('La fée clochette','nin41','L',49.5);
INSERT INTO vendre VALUES ('La fée clochette','nin41','XL',27.5);
INSERT INTO vendre VALUES ('La fée clochette','nin41','XXL',31);
INSERT INTO vendre VALUES ('La fée clochette','ann32','M',39.99);
INSERT INTO vendre VALUES ('La fée clochette','ann32','L',71);
INSERT INTO vendre VALUES ('La fée clochette','fro22','XS',48.5);
INSERT INTO vendre VALUES ('La fée clochette','fro22','S',24);
INSERT INTO vendre VALUES ('La fée clochette','fro22','M',24.99);
INSERT INTO vendre VALUES ('La fée clochette','fro22','L',22);
INSERT INTO vendre VALUES ('La fée clochette','fro22','XL',42.5);
INSERT INTO vendre VALUES ('La fée clochette','fro22','XXL',53.99);
INSERT INTO vendre VALUES ('La fée clochette','pir4','XS',27.99);
INSERT INTO vendre VALUES ('La fée clochette','pir4','S',60.5);
INSERT INTO vendre VALUES ('La fée clochette','lui10','XL',27.5);
INSERT INTO vendre VALUES ('La fée clochette','lui10','XXL',24.99);
INSERT INTO vendre VALUES ('La fée clochette','ali43','XL',29);
INSERT INTO vendre VALUES ('La fée clochette','ali43','XXL',56.5);
INSERT INTO vendre VALUES ('La fée clochette','xii28','XS',42);
INSERT INTO vendre VALUES ('La fée clochette','xii28','S',64.99);
INSERT INTO vendre VALUES ('La fée clochette','xii28','M',70.5);
INSERT INTO vendre VALUES ('La fée clochette','xii28','L',42.99);
INSERT INTO vendre VALUES ('La fée clochette','aur46','XS',61.99);
INSERT INTO vendre VALUES ('Les mille et une farces','clo40','S',28);
INSERT INTO vendre VALUES ('Les mille et une farces','clo40','M',42.5);
INSERT INTO vendre VALUES ('Les mille et une farces','clo40','L',71.99);
INSERT INTO vendre VALUES ('Les mille et une farces','clo40','XL',61.5);
INSERT INTO vendre VALUES ('Les mille et une farces','orc17','M',47.99);
INSERT INTO vendre VALUES ('Les mille et une farces','aur46','S',75.5);
INSERT INTO vendre VALUES ('Les mille et une farces','aur46','M',45.5);
INSERT INTO vendre VALUES ('Les mille et une farces','aur46','L',63.99);
INSERT INTO vendre VALUES ('Les mille et une farces','aur46','XL',42.99);
INSERT INTO vendre VALUES ('Les mille et une farces','cap31','XS',68);
INSERT INTO vendre VALUES ('Les mille et une farces','cap31','S',39.99);
INSERT INTO vendre VALUES ('Les mille et une farces','cap31','M',57.99);
INSERT INTO vendre VALUES ('Les mille et une farces','cap31','L',73.99);
INSERT INTO vendre VALUES ('Les mille et une farces','cap31','XL',20);
INSERT INTO vendre VALUES ('Les mille et une farces','ali43','XS',25.99);
INSERT INTO vendre VALUES ('Les mille et une farces','ali43','S',42.99);
INSERT INTO vendre VALUES ('Les mille et une farces','ali43','M',38.5);
INSERT INTO vendre VALUES ('Les mille et une farces','ali43','L',20.5);
INSERT INTO vendre VALUES ('Les mille et une farces','ali43','XL',63.5);
INSERT INTO vendre VALUES ('Les mille et une farces','cat26','XXL',38);
INSERT INTO vendre VALUES ('Les mille et une farces','tin8','XXL',39);
INSERT INTO vendre VALUES ('Les mille et une farces','min0','XXL',36.99);
INSERT INTO vendre VALUES ('Les mille et une farces','lex11','M',59.5);
INSERT INTO vendre VALUES ('Les mille et une farces','lex11','L',46.99);
INSERT INTO vendre VALUES ('Les mille et une farces','bla18','L',33.99);
INSERT INTO vendre VALUES ('Les mille et une farces','bla18','XL',40.99);
INSERT INTO vendre VALUES ('Les mille et une farces','pea24','XS',33);
INSERT INTO vendre VALUES ('Les mille et une farces','pea24','S',54.5);
INSERT INTO vendre VALUES ('Les mille et une farces','pol38','M',44);
INSERT INTO vendre VALUES ('Les mille et une farces','pol38','L',46.99);
INSERT INTO vendre VALUES ('Les mille et une farces','pol38','XL',31.99);
INSERT INTO vendre VALUES ('Les mille et une farces','bla9','L',71.5);
INSERT INTO vendre VALUES ('Les mille et une farces','bla9','XL',25.5);
INSERT INTO vendre VALUES ('Les mille et une farces','ban25','M',57);
INSERT INTO vendre VALUES ('Les mille et une farces','ban25','L',60.99);
INSERT INTO vendre VALUES ('Les mille et une farces','ban25','XL',29.99);
INSERT INTO vendre VALUES ('Les mille et une farces','lar20','S',70.99);
INSERT INTO vendre VALUES ('Les mille et une farces','lar20','M',44.99);
INSERT INTO vendre VALUES ('Les mille et une farces','lar20','L',31.5);
INSERT INTO vendre VALUES ('Les mille et une farces','dar12','XL',73.5);
INSERT INTO vendre VALUES ('Les mille et une farces','dar12','XXL',71);
INSERT INTO vendre VALUES ('Les mille et une farces','ali37','XL',43);
INSERT INTO vendre VALUES ('Les mille et une farces','ali37','XXL',57);
INSERT INTO vendre VALUES ('Les mille et une farces','lex1','XXL',74.5);
INSERT INTO vendre VALUES ('Les mille et une farces','rey34','L',29.5);
INSERT INTO vendre VALUES ('Les mille et une farces','ind39','S',57.5);
INSERT INTO vendre VALUES ('Les mille et une farces','ind39','M',20);
INSERT INTO vendre VALUES ('Les mille et une farces','ind39','L',46.99);
INSERT INTO vendre VALUES ('Les mille et une farces','sup2','XS',35.99);
INSERT INTO vendre VALUES ('Les mille et une farces','sup2','S',41);
INSERT INTO vendre VALUES ('Les mille et une farces','sup2','M',25.5);
INSERT INTO vendre VALUES ('Les mille et une farces','rey33','L',51.5);
INSERT INTO vendre VALUES ('Les mille et une farces','rey33','XL',39.99);
INSERT INTO vendre VALUES ('Les mille et une farces','ali15','XS',35.5);
INSERT INTO vendre VALUES ('Les mille et une farces','ali15','S',33.5);
INSERT INTO vendre VALUES ('Les mille et une farces','lui6','XS',25);
INSERT INTO vendre VALUES ('Les mille et une farces','lui6','S',29.99);
INSERT INTO vendre VALUES ('Les mille et une farces','tin44','S',40.99);
INSERT INTO vendre VALUES ('Les mille et une farces','tin44','M',36);
INSERT INTO vendre VALUES ('Les mille et une farces','tin44','L',66);
INSERT INTO vendre VALUES ('Les mille et une farces','tin44','XL',41);
INSERT INTO vendre VALUES ('Les mille et une farces','tin44','XXL',73);
INSERT INTO vendre VALUES ('Les mille et une farces','nin47','S',33.99);
INSERT INTO vendre VALUES ('Les mille et une farces','nin47','M',71.5);
INSERT INTO vendre VALUES ('Les mille et une farces','nin47','L',59.5);
INSERT INTO vendre VALUES ('Les mille et une farces','pir4','XS',51);
INSERT INTO vendre VALUES ('Party pris','clo40','L',29.99);
INSERT INTO vendre VALUES ('Party pris','clo40','XL',69.5);
INSERT INTO vendre VALUES ('Party pris','clo40','XXL',72.5);
INSERT INTO vendre VALUES ('Party pris','cap31','XXL',62.5);
INSERT INTO vendre VALUES ('Party pris','ali37','M',66);
INSERT INTO vendre VALUES ('Party pris','ali37','L',39.99);
INSERT INTO vendre VALUES ('Party pris','kat16','XXL',59.99);
INSERT INTO vendre VALUES ('Party pris','aur46','L',21.5);
INSERT INTO vendre VALUES ('Party pris','aur46','XL',26.99);
INSERT INTO vendre VALUES ('Party pris','lui6','XXL',54.5);
INSERT INTO vendre VALUES ('Party pris','bat5','S',48);
INSERT INTO vendre VALUES ('Party pris','bat5','M',47.99);
INSERT INTO vendre VALUES ('Party pris','bat5','L',58.99);
INSERT INTO vendre VALUES ('Party pris','bat5','XL',74.5);
INSERT INTO vendre VALUES ('Party pris','elf45','XL',65.5);
INSERT INTO vendre VALUES ('Party pris','elf45','XXL',58.5);
INSERT INTO vendre VALUES ('Party pris','tin44','L',65);
INSERT INTO vendre VALUES ('Party pris','tin44','XL',22.5);
INSERT INTO vendre VALUES ('Party pris','tin44','XXL',59);
INSERT INTO vendre VALUES ('Party pris','sep27','L',57);
INSERT INTO vendre VALUES ('Party pris','nin47','M',54.99);
INSERT INTO vendre VALUES ('Party pris','nin47','L',48);
INSERT INTO vendre VALUES ('Party pris','nin47','XL',55.5);
INSERT INTO vendre VALUES ('Party pris','min3','S',64.99);
INSERT INTO vendre VALUES ('Party pris','min3','M',71);
INSERT INTO vendre VALUES ('Party pris','min3','L',72);
INSERT INTO vendre VALUES ('Party pris','min3','XL',56.5);
INSERT INTO vendre VALUES ('Party pris','orc17','L',69.5);
INSERT INTO vendre VALUES ('Party pris','ali43','S',39);
INSERT INTO vendre VALUES ('Party pris','gan48','M',29.5);
INSERT INTO vendre VALUES ('Party pris','gan48','L',55.5);
INSERT INTO vendre VALUES ('Party pris','gan48','XL',49);
INSERT INTO vendre VALUES ('Party pris','pir4','XS',73.99);
INSERT INTO vendre VALUES ('Party pris','fro22','XXL',22);
INSERT INTO vendre VALUES ('Party pris','bla9','XXL',57.5);
INSERT INTO vendre VALUES ('Party pris','ali15','L',40.99);
INSERT INTO vendre VALUES ('Party pris','ali15','XL',44.99);
INSERT INTO vendre VALUES ('Party pris','lex1','L',70.5);
INSERT INTO vendre VALUES ('Party pris','lex1','XL',26.99);
INSERT INTO vendre VALUES ('Party pris','lex1','XXL',22.99);
INSERT INTO vendre VALUES ('Party pris','cat26','XL',60.5);
INSERT INTO vendre VALUES ('Party pris','cat26','XXL',75);
INSERT INTO vendre VALUES ('Party pris','pri35','M',24.99);
INSERT INTO vendre VALUES ('Party pris','pri35','L',37);
INSERT INTO vendre VALUES ('Party pris','pol38','M',60.99);
INSERT INTO vendre VALUES ('Party pris','pol38','L',63.5);
INSERT INTO vendre VALUES ('Party pris','pol38','XL',36.5);
INSERT INTO vendre VALUES ('Party pris','pol38','XXL',45);
INSERT INTO vendre VALUES ('Party pris','ann7','S',75.99);
INSERT INTO vendre VALUES ('Party pris','tin13','XXL',63.99);
INSERT INTO vendre VALUES ('Le pays des merveilles','lex1','XXL',56.99);
INSERT INTO vendre VALUES ('Le pays des merveilles','cap31','M',74.5);
INSERT INTO vendre VALUES ('Le pays des merveilles','clo23','XL',62.5);
INSERT INTO vendre VALUES ('Le pays des merveilles','pri35','XL',56.5);
INSERT INTO vendre VALUES ('Le pays des merveilles','ann7','M',37.99);
INSERT INTO vendre VALUES ('Le pays des merveilles','ann7','L',71.99);
INSERT INTO vendre VALUES ('Le pays des merveilles','bat5','L',39.99);
INSERT INTO vendre VALUES ('Le pays des merveilles','bat5','XL',72.5);
INSERT INTO vendre VALUES ('Le pays des merveilles','bla18','S',45);
INSERT INTO vendre VALUES ('Le pays des merveilles','bla18','M',28);
INSERT INTO vendre VALUES ('Le pays des merveilles','lar20','XL',33);
INSERT INTO vendre VALUES ('Le pays des merveilles','lar20','XXL',67.99);
INSERT INTO vendre VALUES ('Le pays des merveilles','nin41','M',51);
INSERT INTO vendre VALUES ('Le pays des merveilles','nin41','L',43);
INSERT INTO vendre VALUES ('Le pays des merveilles','nin41','XL',45.5);
INSERT INTO vendre VALUES ('Le pays des merveilles','ali43','L',31.5);
INSERT INTO vendre VALUES ('Le pays des merveilles','ali43','XL',53.99);
INSERT INTO vendre VALUES ('Le pays des merveilles','ali43','XXL',43.5);
INSERT INTO vendre VALUES ('Le pays des merveilles','pea24','L',70);
INSERT INTO vendre VALUES ('Le pays des merveilles','sep27','XS',62);
INSERT INTO vendre VALUES ('Le pays des merveilles','sep27','S',38.99);
INSERT INTO vendre VALUES ('Le pays des merveilles','sep27','M',31.99);
INSERT INTO vendre VALUES ('Le pays des merveilles','ann32','XS',56.5);
INSERT INTO vendre VALUES ('Le pays des merveilles','ann32','S',63.99);
INSERT INTO vendre VALUES ('Le pays des merveilles','ann32','M',20.99);
INSERT INTO vendre VALUES ('Le pays des merveilles','ann32','L',52);
INSERT INTO vendre VALUES ('Le pays des merveilles','ann32','XL',49.99);
INSERT INTO vendre VALUES ('Le pays des merveilles','min0','L',44);
INSERT INTO vendre VALUES ('Le pays des merveilles','min0','XL',36);
INSERT INTO vendre VALUES ('Le pays des merveilles','gan48','S',29);
INSERT INTO vendre VALUES ('Le pays des merveilles','gan48','M',54);
INSERT INTO vendre VALUES ('Le pays des merveilles','gan48','L',49);
INSERT INTO vendre VALUES ('Ghouls and Ghosts','fro22','XL',30.99);
INSERT INTO vendre VALUES ('Ghouls and Ghosts','clo23','M',28.99);
INSERT INTO vendre VALUES ('Ghouls and Ghosts','clo23','L',41.5);
INSERT INTO vendre VALUES ('Ghouls and Ghosts','rey33','XXL',39.99);
INSERT INTO vendre VALUES ('Ghouls and Ghosts','aur46','XS',33);
INSERT INTO vendre VALUES ('Ghouls and Ghosts','aur46','S',44);
INSERT INTO vendre VALUES ('Ghouls and Ghosts','aur46','M',69.99);
INSERT INTO vendre VALUES ('Ghouls and Ghosts','aur46','L',23);
INSERT INTO vendre VALUES ('Ghouls and Ghosts','dar12','XS',60);
INSERT INTO vendre VALUES ('Ghouls and Ghosts','dar12','S',62);
INSERT INTO vendre VALUES ('Ghouls and Ghosts','dar12','M',33.5);
INSERT INTO vendre VALUES ('Ghouls and Ghosts','dar12','L',32.99);
INSERT INTO vendre VALUES ('Ghouls and Ghosts','dar12','XL',72.99);
INSERT INTO vendre VALUES ('Ghouls and Ghosts','dar12','XXL',23.99);
INSERT INTO vendre VALUES ('Ghouls and Ghosts','tin13','M',65);
INSERT INTO vendre VALUES ('Ghouls and Ghosts','ann32','L',51);
INSERT INTO vendre VALUES ('Ghouls and Ghosts','ann32','XL',20.5);
INSERT INTO vendre VALUES ('Ghouls and Ghosts','ann32','XXL',62.99);
INSERT INTO vendre VALUES ('Ghouls and Ghosts','kat16','M',70.5);
INSERT INTO vendre VALUES ('Ghouls and Ghosts','kat16','L',38);
INSERT INTO vendre VALUES ('Ghouls and Ghosts','kat16','XL',49.99);
INSERT INTO vendre VALUES ('Ghouls and Ghosts','sup2','XS',56.5);
INSERT INTO vendre VALUES ('Ghouls and Ghosts','ker14','XS',70.5);
INSERT INTO vendre VALUES ('Ghouls and Ghosts','ker14','S',37.5);
INSERT INTO vendre VALUES ('Ghouls and Ghosts','min3','XS',47.99);
INSERT INTO vendre VALUES ('Ghouls and Ghosts','min3','S',58.99);
INSERT INTO vendre VALUES ('Ghouls and Ghosts','ali49','S',39);
INSERT INTO vendre VALUES ('Ghouls and Ghosts','ali49','M',27);
INSERT INTO vendre VALUES ('Ghouls and Ghosts','ali49','L',64);
INSERT INTO vendre VALUES ('Ghouls and Ghosts','tin44','M',56.5);
INSERT INTO vendre VALUES ('Ghouls and Ghosts','clo40','M',61.5);
INSERT INTO vendre VALUES ('Ghouls and Ghosts','clo40','L',43.5);
INSERT INTO vendre VALUES ('Ghouls and Ghosts','clo40','XL',25);
INSERT INTO vendre VALUES ('Ghouls and Ghosts','bla9','S',25);
INSERT INTO vendre VALUES ('Ghouls and Ghosts','bla9','M',42.5);
INSERT INTO vendre VALUES ('Ghouls and Ghosts','bla9','L',32.99);
INSERT INTO vendre VALUES ('Ghouls and Ghosts','bla9','XL',70);
INSERT INTO vendre VALUES ('Ghouls and Ghosts','bla9','XXL',25.5);
INSERT INTO vendre VALUES ('Ghouls and Ghosts','orc17','XL',26.5);
INSERT INTO vendre VALUES ('Ghouls and Ghosts','cat26','XS',38.5);
INSERT INTO vendre VALUES ('Ghouls and Ghosts','cat26','S',29);
INSERT INTO vendre VALUES ('Ghouls and Ghosts','fée30','XS',26.99);
INSERT INTO vendre VALUES ('Ghouls and Ghosts','fée30','S',29.5);
INSERT INTO vendre VALUES ('Ghouls and Ghosts','fée30','M',33);
INSERT INTO vendre VALUES ('Ghouls and Ghosts','lar20','XS',40);
INSERT INTO vendre VALUES ('Ghouls and Ghosts','lar20','S',35);
INSERT INTO vendre VALUES ('Ghouls and Ghosts','lar20','M',37.99);
INSERT INTO vendre VALUES ('Ghouls and Ghosts','lar20','L',36.99);
INSERT INTO vendre VALUES ('Ghouls and Ghosts','lar20','XL',30.99);
INSERT INTO vendre VALUES ('Ghouls and Ghosts','ali15','XXL',42.99);
INSERT INTO vendre VALUES ('Ghouls and Ghosts','pri35','XS',52.5);
INSERT INTO vendre VALUES ('Ghouls and Ghosts','pri35','S',20);
INSERT INTO vendre VALUES ('Ghouls and Ghosts','pri35','M',69);
INSERT INTO vendre VALUES ('Ghouls and Ghosts','pri35','L',73.99);
INSERT INTO vendre VALUES ('Ghouls and Ghosts','pri35','XL',35);
INSERT INTO vendre VALUES ('Ghouls and Ghosts','obe19','L',51);
INSERT INTO vendre VALUES ('Ghouls and Ghosts','obe19','XL',48.99);
INSERT INTO vendre VALUES ('Ghouls and Ghosts','obe19','XXL',49.5);
INSERT INTO vendre VALUES ('Bricabracadabra','lar20','XXL',53.99);
INSERT INTO vendre VALUES ('Bricabracadabra','orc17','XL',67.5);
INSERT INTO vendre VALUES ('Bricabracadabra','orc17','XXL',45.99);
INSERT INTO vendre VALUES ('Bricabracadabra','sep27','M',27);
INSERT INTO vendre VALUES ('Bricabracadabra','sep27','L',36.5);
INSERT INTO vendre VALUES ('Bricabracadabra','sep27','XL',22);
INSERT INTO vendre VALUES ('Bricabracadabra','lex11','S',46.5);
INSERT INTO vendre VALUES ('Bricabracadabra','lex11','M',58);
INSERT INTO vendre VALUES ('Bricabracadabra','lex11','L',62.99);
INSERT INTO vendre VALUES ('Bricabracadabra','clo40','S',35);
INSERT INTO vendre VALUES ('Bricabracadabra','clo40','M',67.99);
INSERT INTO vendre VALUES ('Bricabracadabra','clo40','L',27);
INSERT INTO vendre VALUES ('Bricabracadabra','clo40','XL',75);
INSERT INTO vendre VALUES ('Bricabracadabra','clo40','XXL',71);
INSERT INTO vendre VALUES ('Bricabracadabra','cap31','XS',42.5);
INSERT INTO vendre VALUES ('Bricabracadabra','cap31','S',74);
INSERT INTO vendre VALUES ('Bricabracadabra','cap31','M',53.99);
INSERT INTO vendre VALUES ('Bricabracadabra','cap31','L',50.99);
INSERT INTO vendre VALUES ('Bricabracadabra','cap31','XL',40.99);
INSERT INTO vendre VALUES ('Bricabracadabra','clo23','M',53.5);
INSERT INTO vendre VALUES ('Bricabracadabra','fro22','L',36.5);
INSERT INTO vendre VALUES ('Bricabracadabra','fro22','XL',31.99);
INSERT INTO vendre VALUES ('Bricabracadabra','fro22','XXL',74);
INSERT INTO vendre VALUES ('Bricabracadabra','nin41','L',38.5);
INSERT INTO vendre VALUES ('Bricabracadabra','nin41','XL',44.99);
INSERT INTO vendre VALUES ('Bricabracadabra','ann7','S',30.5);
INSERT INTO vendre VALUES ('Bricabracadabra','ann7','M',21.99);
INSERT INTO vendre VALUES ('Bricabracadabra','gan48','XS',62.99);
INSERT INTO vendre VALUES ('Bricabracadabra','gan48','S',64);
INSERT INTO vendre VALUES ('Bricabracadabra','gan48','M',72.5);
INSERT INTO vendre VALUES ('Bricabracadabra','gan48','L',27);
INSERT INTO vendre VALUES ('Bricabracadabra','gan48','XL',39.5);
INSERT INTO vendre VALUES ('Le Grenier','pol38','S',56.5);
INSERT INTO vendre VALUES ('Le Grenier','pol38','M',58.5);
INSERT INTO vendre VALUES ('Le Grenier','pol38','L',72.99);
INSERT INTO vendre VALUES ('Le Grenier','ali49','L',68);
INSERT INTO vendre VALUES ('Le Grenier','ali43','L',58.5);
INSERT INTO vendre VALUES ('Le Grenier','tin8','S',24);
INSERT INTO vendre VALUES ('Le Grenier','fée30','XS',55.99);
INSERT INTO vendre VALUES ('Le Grenier','fée30','S',20);
INSERT INTO vendre VALUES ('Le Grenier','fée30','M',26.5);
INSERT INTO vendre VALUES ('Le Grenier','fée30','L',52);
INSERT INTO vendre VALUES ('Le Grenier','aur46','XL',61.5);
INSERT INTO vendre VALUES ('Le Grenier','sep27','XL',24.5);
INSERT INTO vendre VALUES ('Le Grenier','dra21','S',35.5);
INSERT INTO vendre VALUES ('Le Grenier','dra21','M',71.5);
INSERT INTO vendre VALUES ('Le Grenier','nin47','M',61.5);
INSERT INTO vendre VALUES ('Le Grenier','nin47','L',61.5);
INSERT INTO vendre VALUES ('Le Grenier','pri29','XS',26.99);
INSERT INTO vendre VALUES ('Le Grenier','pri29','S',69.5);
INSERT INTO vendre VALUES ('Le Grenier','pri29','M',51);
INSERT INTO vendre VALUES ('Le Grenier','ali37','S',45.99);
INSERT INTO vendre VALUES ('Le Grenier','ali37','M',30);
INSERT INTO vendre VALUES ('Le Grenier','ali37','L',34);
INSERT INTO vendre VALUES ('Le Grenier','ali37','XL',35.5);
INSERT INTO vendre VALUES ('Le Grenier','orc17','L',60);
INSERT INTO vendre VALUES ('Le Grenier','orc17','XL',57.5);
INSERT INTO vendre VALUES ('Le Grenier','orc17','XXL',20.99);
INSERT INTO vendre VALUES ('Le Grenier','rey34','XL',35);
INSERT INTO vendre VALUES ('Le Grenier','rey34','XXL',60.99);
INSERT INTO vendre VALUES ('Le Grenier','lui10','S',32.99);
INSERT INTO vendre VALUES ('Le Grenier','lar20','M',39.5);
INSERT INTO vendre VALUES ('Le Grenier','lar20','L',38.99);
INSERT INTO vendre VALUES ('Le Grenier','obe19','XL',34.99);
INSERT INTO vendre VALUES ('Le Grenier','sup2','S',41.99);
INSERT INTO vendre VALUES ('Le Grenier','lui6','S',71.5);
INSERT INTO vendre VALUES ('Le Grenier','lex11','S',52.5);
INSERT INTO vendre VALUES ('Le Grenier','lex11','M',66);
INSERT INTO vendre VALUES ('Le Grenier','nin41','XL',40);
INSERT INTO vendre VALUES ('Le Grenier','nin41','XXL',21.5);
INSERT INTO vendre VALUES ('Le Grenier','min0','S',49.99);
INSERT INTO vendre VALUES ('Le Grenier','min0','M',54);
INSERT INTO vendre VALUES ('Le Grenier','min0','L',34.99);
INSERT INTO vendre VALUES ('Le Grenier','kat16','M',39.99);
INSERT INTO vendre VALUES ('Le Grenier','kat16','L',34);
INSERT INTO vendre VALUES ('Le Grenier','kat16','XL',69);
INSERT INTO vendre VALUES ('Le Grenier','kat16','XXL',30.99);
INSERT INTO vendre VALUES ('Le Grenier','cap31','S',31.5);
INSERT INTO vendre VALUES ('Le Grenier','xii28','S',61.5);
INSERT INTO vendre VALUES ('Le Grenier','xii28','M',55);
INSERT INTO vendre VALUES ('Le Grenier','xii28','L',72.99);
INSERT INTO vendre VALUES ('Le Grenier','xii28','XL',35.5);
INSERT INTO vendre VALUES ('Le Grenier','xii28','XXL',66.5);
INSERT INTO vendre VALUES ('Le Grenier','pri35','XXL',49.99);
INSERT INTO vendre VALUES ('Le Grenier','bla9','XXL',26.99);
INSERT INTO vendre VALUES ('Le Grenier','ind39','M',75.99);
INSERT INTO vendre VALUES ('Le Grenier','ann32','M',57.99);
INSERT INTO vendre VALUES ('Le Grenier','min3','XXL',65.5);


---Filling table personne:
INSERT INTO personne VALUES ('ber0','Rivière','Bernard',18,178);
INSERT INTO personne VALUES ('aud1','Taylor','Audrey',18,151);
INSERT INTO personne VALUES ('eth2','Lee','Ethan',14,175);
INSERT INTO personne VALUES ('ant3','Juro','Anthony',19,183);
INSERT INTO personne VALUES ('pat4','Rhada','Patrice',21,179);
INSERT INTO personne VALUES ('oph5','Albin','Ophélie',19,165);
INSERT INTO personne VALUES ('loï6','Deneuve','Loïc',21,185);
INSERT INTO personne VALUES ('mar7','Pascal','Marjorie',21,162);
INSERT INTO personne VALUES ('mou8','Faram','Moussa',16,170);
INSERT INTO personne VALUES ('jac9','Dujardin','Jacques',17,174);
INSERT INTO personne VALUES ('gin10','Genty','Ginna',18,158);
INSERT INTO personne VALUES ('val11','Pérusse','Valentin',23,168);
INSERT INTO personne VALUES ('elé12','Larose','Eléonore',13,158);
INSERT INTO personne VALUES ('kev13','Monnet','Kevin',17,168);
INSERT INTO personne VALUES ('ash14','Simons','Ashley',28,158);
INSERT INTO personne VALUES ('odi15','Lussy','Odile',18,163);
INSERT INTO personne VALUES ('mél16','Etro','Mélanie',16,162);
INSERT INTO personne VALUES ('tar17','Legrand','Tarja',16,147);
INSERT INTO personne VALUES ('dor18','Bouris','Dorothée',19,168);
INSERT INTO personne VALUES ('ton19','Gallois','Tony',23,172);
INSERT INTO personne VALUES ('eth20','Dujardin','Ethan',23,174);
INSERT INTO personne VALUES ('max21','Qarth','Maxime',18,171);
INSERT INTO personne VALUES ('sté22','Imon','Stéphanie',13,152);
INSERT INTO personne VALUES ('dav23','Delauney','David',23,172);
INSERT INTO personne VALUES ('fau24','Albin','Faustine',14,153);
INSERT INTO personne VALUES ('myr25','Phoebe','Myriam',21,158);
INSERT INTO personne VALUES ('moh26','Désiré','Mohammed',27,171);
INSERT INTO personne VALUES ('ben27','Petit','Benjamin',23,179);
INSERT INTO personne VALUES ('eme28','Gibert','Emeric',16,177);
INSERT INTO personne VALUES ('jea29','Ha','Jean-Marie',20,182);
INSERT INTO personne VALUES ('mar30','Fleury','Marianne',23,163);
INSERT INTO personne VALUES ('elo31','Lemoine','Elodie',22,165);
INSERT INTO personne VALUES ('les32','Candide','Leslie',16,151);
INSERT INTO personne VALUES ('aur33','Christian','Aurélien',21,178);
INSERT INTO personne VALUES ('mar34','Ali','Marine',20,164);
INSERT INTO personne VALUES ('aud35','Carmin','Audrey',24,163);
INSERT INTO personne VALUES ('gin36','Cock','Ginna',17,161);
INSERT INTO personne VALUES ('luc37','Lanvin','Lucile',15,154);
INSERT INTO personne VALUES ('flo38','Hibis','Floor',18,160);
INSERT INTO personne VALUES ('ala39','Le Blond','Alain',16,178);
INSERT INTO personne VALUES ('den40','Hadrien','Denis',18,169);
INSERT INTO personne VALUES ('fle41','Bouris','Fleur',21,153);
INSERT INTO personne VALUES ('bla42','Le Blond','Blanche',20,150);
INSERT INTO personne VALUES ('ond43','Etro','Ondine',14,157);
INSERT INTO personne VALUES ('dam44','Vital','Damien',23,179);
INSERT INTO personne VALUES ('gab45','Wu','Gabrielle',17,159);
INSERT INTO personne VALUES ('ilh46','Wu','Ilham',22,178);
INSERT INTO personne VALUES ('gas47','Oucq','Gaston',23,181);
INSERT INTO personne VALUES ('mou48','Nguyen','Moussa',18,179);
INSERT INTO personne VALUES ('emi49','Erim','Emilie',18,168);
INSERT INTO personne VALUES ('flo50','Sauveur','Floor',18,167);
INSERT INTO personne VALUES ('gas51','Rassiat','Gaston',18,171);
INSERT INTO personne VALUES ('est52','Fleury','Estelle',23,162);
INSERT INTO personne VALUES ('gin53','Désiré','Ginette',19,164);
INSERT INTO personne VALUES ('aur54','Vigneau','Aurore',24,161);
INSERT INTO personne VALUES ('eli55','Dimir','Elize',18,161);
INSERT INTO personne VALUES ('van56','Erim','Vanessa',17,156);
INSERT INTO personne VALUES ('oma57','Hamill','Omar',18,176);
INSERT INTO personne VALUES ('jor58','Allaman','Jordan',21,168);
INSERT INTO personne VALUES ('lae59','El Otmani','Laetitia',21,158);
INSERT INTO personne VALUES ('océ60','Fleury','Océane',23,155);
INSERT INTO personne VALUES ('pat61','Petit','Patrique',20,179);
INSERT INTO personne VALUES ('ibr62','Bond','Ibrahim',15,165);
INSERT INTO personne VALUES ('fau63','Carmin','Faustine',19,155);
INSERT INTO personne VALUES ('emm64','Janjan','Emma',18,157);
INSERT INTO personne VALUES ('den65','Meunier','Denise',17,162);
INSERT INTO personne VALUES ('séb66','Cleaux','Sébastien',19,172);
INSERT INTO personne VALUES ('dia67','Momsen','Dianne',20,167);
INSERT INTO personne VALUES ('hél68','Lawrence','Héloïse',22,158);
INSERT INTO personne VALUES ('jea69','Clarke','Jean-Paul',14,178);
INSERT INTO personne VALUES ('man70','Poules','Manuela',14,158);
INSERT INTO personne VALUES ('aga71','Meilleur','Agathe',17,153);
INSERT INTO personne VALUES ('yas72','Chaumont','Yasmine',16,148);
INSERT INTO personne VALUES ('bla73','Sabatier','Blanche',21,158);
INSERT INTO personne VALUES ('pab74','Gaillard','Pablo',21,180);
INSERT INTO personne VALUES ('eli75','Emmanuel','Elise',19,157);
INSERT INTO personne VALUES ('inè76','Chaland','Inès',23,157);
INSERT INTO personne VALUES ('ale77','Chan','Alexis',14,180);
INSERT INTO personne VALUES ('jea78','Nalis','Jean-Paul',18,171);
INSERT INTO personne VALUES ('ant79','Deneuve','Antoine',23,162);
INSERT INTO personne VALUES ('mar80','Lawrence','Marianne',23,162);
INSERT INTO personne VALUES ('mar81','Sabatier','Marco',19,173);
INSERT INTO personne VALUES ('cha82','Scherer','Charlotte',23,155);
INSERT INTO personne VALUES ('ton83','Genty','Tony',16,185);
INSERT INTO personne VALUES ('eve84','Freeman','Eve',22,157);
INSERT INTO personne VALUES ('glo85','Randu','Gloria',15,156);
INSERT INTO personne VALUES ('clé86','Beugnon','Clément',22,166);
INSERT INTO personne VALUES ('cha87','Epeautre','Charlène',21,167);
INSERT INTO personne VALUES ('cas88','Christian','Cassandre',20,161);
INSERT INTO personne VALUES ('rog89','Toneatto','Roger',17,170);
INSERT INTO personne VALUES ('amy90','Ledoux','Amy',19,157);
INSERT INTO personne VALUES ('rég91','Giron','Régis',19,174);
INSERT INTO personne VALUES ('mic92','Hiquet','Michelle',20,161);
INSERT INTO personne VALUES ('bar93','Sand','Barbara',17,143);
INSERT INTO personne VALUES ('flo94','Perry','Floor',20,161);
INSERT INTO personne VALUES ('glo95','Petit','Gloria',15,157);
INSERT INTO personne VALUES ('jam96','Lanvin','James',22,170);
INSERT INTO personne VALUES ('aga97','Dupuis','Agathe',16,156);
INSERT INTO personne VALUES ('rob98','Elamar','Robert',20,166);
INSERT INTO personne VALUES ('lud99','Candide','Ludovic',21,171);
INSERT INTO personne VALUES ('pri100','Dupuis','Priss',21,162);
INSERT INTO personne VALUES ('dom101','Ivanov','Dominique',20,161);
INSERT INTO personne VALUES ('eth102','Sauveur','Ethan',20,171);
INSERT INTO personne VALUES ('dom103','Templier','Dominique',20,175);
INSERT INTO personne VALUES ('pie104','Monnet','Pierre',21,177);
INSERT INTO personne VALUES ('fle105','Turunen','Fleur',21,147);
INSERT INTO personne VALUES ('tho106','Lamy','Thomas',21,175);
INSERT INTO personne VALUES ('van107','Rivière','Vanessa',21,163);
INSERT INTO personne VALUES ('cél108','Knight','Céline',18,150);
INSERT INTO personne VALUES ('cor109','Daumesnil','Coralie',18,160);
INSERT INTO personne VALUES ('mar110','Chaumont','Marion',23,161);
INSERT INTO personne VALUES ('thi111','Joly','Thibault',24,176);
INSERT INTO personne VALUES ('san112','Chaumont','Sandy',24,163);
INSERT INTO personne VALUES ('ama113','Kabil','Amanda',16,162);
INSERT INTO personne VALUES ('dyl114','Hibis','Dylan',19,169);
INSERT INTO personne VALUES ('ala115','Joly','Alan',20,171);
INSERT INTO personne VALUES ('vio116','Lemoine','Violette',14,156);
INSERT INTO personne VALUES ('den117','Da Costa','Denis',21,180);
INSERT INTO personne VALUES ('fra118','Candide','France',21,158);
INSERT INTO personne VALUES ('rap119','Izzet','Raphaël',19,182);
INSERT INTO personne VALUES ('cha120','Molas','Charlène',20,155);
INSERT INTO personne VALUES ('thé121','Dimir','Théodore',19,176);
INSERT INTO personne VALUES ('xav122','Nalis','Xavier',19,175);
INSERT INTO personne VALUES ('ber123','Martin','Bernard',19,183);
INSERT INTO personne VALUES ('emm124','Raymond','Emma',24,153);
INSERT INTO personne VALUES ('vic125','Monnet','Victoria',21,159);
INSERT INTO personne VALUES ('gab126','Mayor','Gabrielle',24,159);
INSERT INTO personne VALUES ('aud127','Mayor','Audrey',18,157);
INSERT INTO personne VALUES ('flo128','Zaref','Florent',26,171);
INSERT INTO personne VALUES ('her129','Gallois','Hermione',20,164);
INSERT INTO personne VALUES ('emm130','Janjan','Emmanuel',19,176);
INSERT INTO personne VALUES ('con131','Blot','Constance',24,164);
INSERT INTO personne VALUES ('gui132','Meilleur','Guillaume',20,174);
INSERT INTO personne VALUES ('sop133','Delauney','Sophie',17,170);
INSERT INTO personne VALUES ('eri134','Bouat','Eric',19,169);
INSERT INTO personne VALUES ('tom135','Clarke','Tom',21,171);
INSERT INTO personne VALUES ('hug136','Rhada','Hugo',22,173);
INSERT INTO personne VALUES ('vin137','Vital','Vincent',16,163);
INSERT INTO personne VALUES ('ant138','Momsen','Anthony',15,168);
INSERT INTO personne VALUES ('mou139','Gigliotti','Moussa',18,174);
INSERT INTO personne VALUES ('hub140','Williams','Hubert',18,171);
INSERT INTO personne VALUES ('gin141','Sauveur','Ginna',20,158);
INSERT INTO personne VALUES ('maë142','Toneatto','Maëva',19,159);
INSERT INTO personne VALUES ('eri143','Nguyen','Eric',14,170);
INSERT INTO personne VALUES ('nol144','Scherer','Nolwenn',19,162);
INSERT INTO personne VALUES ('rég145','Delacour','Régis',20,179);
INSERT INTO personne VALUES ('mar146','Hé','Marjorie',20,153);
INSERT INTO personne VALUES ('que147','Juste','Quentin',22,172);
INSERT INTO personne VALUES ('wil148','Gonthier','Willow',20,162);
INSERT INTO personne VALUES ('séb149','Wagner','Sébastien',24,183);
INSERT INTO personne VALUES ('léo150','Duval','Léon',20,172);
INSERT INTO personne VALUES ('ali151','Imon','Alice',25,161);
INSERT INTO personne VALUES ('ibr152','Chan','Ibrahim',16,178);
INSERT INTO personne VALUES ('aur153','Raymond','Aurélia',13,149);
INSERT INTO personne VALUES ('gui154','Raymond','Guillaume',23,168);
INSERT INTO personne VALUES ('léo155','Ledoux','Léo',20,171);
INSERT INTO personne VALUES ('oli156','Hiquet','Olivier',23,169);
INSERT INTO personne VALUES ('mou157','Nasse','Moussa',16,169);
INSERT INTO personne VALUES ('ali158','Ali','Alice',18,160);
INSERT INTO personne VALUES ('emi159','Fauvel','Emile',18,174);
INSERT INTO personne VALUES ('cri160','Nina','Cristina',17,161);
INSERT INTO personne VALUES ('ant161','Dupont','Anthony',20,178);
INSERT INTO personne VALUES ('jos162','Izart','Joseph',18,171);
INSERT INTO personne VALUES ('syl163','Chaumont','Sylvie',17,158);
INSERT INTO personne VALUES ('gab164','Meunier','Gabrielle',20,165);
INSERT INTO personne VALUES ('vin165','Ha','Vincent',16,166);
INSERT INTO personne VALUES ('mar166','Martin','Marjorie',14,162);
INSERT INTO personne VALUES ('flo167','Fortin','Florent',16,177);
INSERT INTO personne VALUES ('aud168','Poules','Audrey',16,161);
INSERT INTO personne VALUES ('cha169','Tressy','Chahinaz',22,149);
INSERT INTO personne VALUES ('jos170','Dimir','Joseph',23,175);
INSERT INTO personne VALUES ('val171','Imon','Valentine',20,160);
INSERT INTO personne VALUES ('aur172','De Oliveira','Aurore',22,160);
INSERT INTO personne VALUES ('man173','Scherer','Manon',20,161);
INSERT INTO personne VALUES ('iph174','Aubry','Iphigénie',20,162);
INSERT INTO personne VALUES ('mou175','Zibelin','Moussa',20,167);
INSERT INTO personne VALUES ('gin176','Scherer','Ginette',23,160);
INSERT INTO personne VALUES ('ros177','Delauney','Rose',15,157);
INSERT INTO personne VALUES ('man178','Joly','Manon',27,164);
INSERT INTO personne VALUES ('oph179','Le Blond','Ophélie',14,153);
INSERT INTO personne VALUES ('val180','Giersbergen','Valentin',24,178);
INSERT INTO personne VALUES ('sté181','Aubry','Stéphane',25,180);
INSERT INTO personne VALUES ('viv182','Vandermonde','Vivien',20,175);
INSERT INTO personne VALUES ('chr183','Amine','Christopher',19,168);
INSERT INTO personne VALUES ('pie184','Rivière','Pierre',18,176);
INSERT INTO personne VALUES ('nes185','Jacquet','Nessie',16,154);
INSERT INTO personne VALUES ('bas186','Knuth','Bastien',25,175);
INSERT INTO personne VALUES ('chr187','Cook','Christian',15,173);
INSERT INTO personne VALUES ('dia188','Gomez','Dianne',17,160);
INSERT INTO personne VALUES ('lis189','King','Lise',17,161);
INSERT INTO personne VALUES ('pén190','Facquin','Pénélope',17,160);
INSERT INTO personne VALUES ('elé191','Delauney','Eléonore',23,165);
INSERT INTO personne VALUES ('eve192','Quantyn','Evelyne',17,156);
INSERT INTO personne VALUES ('cor193','Gigliotti','Corentin',18,186);
INSERT INTO personne VALUES ('irè194','Fauvel','Irène',21,151);
INSERT INTO personne VALUES ('pén195','Knuth','Pénélope',20,158);
INSERT INTO personne VALUES ('béa196','Allaman','Béatrice',23,149);
INSERT INTO personne VALUES ('ros197','Ledoux','Rose',21,162);
INSERT INTO personne VALUES ('flo198','Gaillard','Florian',20,168);
INSERT INTO personne VALUES ('rog199','Cock','Roger',17,175);
INSERT INTO personne VALUES ('xav200','Dujardin','Xavier',20,174);
INSERT INTO personne VALUES ('thé201','Désiré','Thérèse',18,159);
INSERT INTO personne VALUES ('lou202','King','Louis',23,174);
INSERT INTO personne VALUES ('els203','Rassiat','Elsa',24,157);
INSERT INTO personne VALUES ('vio204','Ivanov','Violette',18,159);
INSERT INTO personne VALUES ('moh205','Wessels','Mohammed',22,175);
INSERT INTO personne VALUES ('bér206','Chabat','Bérénice',19,167);
INSERT INTO personne VALUES ('lis207','Vital','Lise',21,160);
INSERT INTO personne VALUES ('arm208','Phoebe','Armand',21,171);
INSERT INTO personne VALUES ('val209','Watt','Valentin',24,175);
INSERT INTO personne VALUES ('hél210','Welt','Héloïse',22,161);
INSERT INTO personne VALUES ('meh211','Munoz','Mehdi',24,176);
INSERT INTO personne VALUES ('aur212','Quillon','Aurélien',26,169);
INSERT INTO personne VALUES ('els213','Lahaye','Elsa',20,162);
INSERT INTO personne VALUES ('loï214','Giron','Loïc',19,169);
INSERT INTO personne VALUES ('gab215','Houette','Gabrielle',17,162);
INSERT INTO personne VALUES ('val216','Faure','Valentine',22,170);
INSERT INTO personne VALUES ('mel217','Knight','Melvin',21,180);
INSERT INTO personne VALUES ('ger218','Satouri','Germain',19,176);
INSERT INTO personne VALUES ('ala219','Wessels','Alain',19,171);
INSERT INTO personne VALUES ('mél220','Diacre','Mélissa',14,169);
INSERT INTO personne VALUES ('vio221','Monnet','Violette',18,160);
INSERT INTO personne VALUES ('chr222','Kabil','Christine',18,163);
INSERT INTO personne VALUES ('cha223','Beugnon','Chahinaz',20,158);
INSERT INTO personne VALUES ('jér224','Rassiat','Jérémy',21,175);
INSERT INTO personne VALUES ('cyr225','Bison','Cyril',22,171);
INSERT INTO personne VALUES ('noé226','Foy','Noémie',14,160);
INSERT INTO personne VALUES ('cyn227','Mavin','Cyndie',18,151);
INSERT INTO personne VALUES ('clé228','Sauveur','Clémence',15,157);
INSERT INTO personne VALUES ('bru229','Momsen','Bruno',16,172);
INSERT INTO personne VALUES ('vir230','Giron','Virginie',16,159);
INSERT INTO personne VALUES ('hug231','Bison','Hugo',19,180);
INSERT INTO personne VALUES ('agn232','Noelle','Agnès',21,168);
INSERT INTO personne VALUES ('sam233','Hé','Samuel',15,179);
INSERT INTO personne VALUES ('dom234','Lawrence','Dominique',16,164);
INSERT INTO personne VALUES ('nic235','Hope','Nicolas',20,175);
INSERT INTO personne VALUES ('uly236','Gomez','Ulysse',19,172);
INSERT INTO personne VALUES ('sop237','Ramon','Sophie',20,170);
INSERT INTO personne VALUES ('son238','Sauveur','Sonia',20,153);
INSERT INTO personne VALUES ('lud239','Wu','Ludovic',17,173);
INSERT INTO personne VALUES ('sab240','Delauney','Sabrina',21,167);
INSERT INTO personne VALUES ('amé241','Label','Amélie',20,157);
INSERT INTO personne VALUES ('isi242','Randu','Isidore',19,174);
INSERT INTO personne VALUES ('eve243','Facquin','Eve',25,156);
INSERT INTO personne VALUES ('zac244','Hadrien','Zacharie',17,166);
INSERT INTO personne VALUES ('sév245','Hibis','Séverine',20,158);
INSERT INTO personne VALUES ('jul246','Genty','Julie',11,124);
INSERT INTO personne VALUES ('tal247','Knight','Talia',21,162);
INSERT INTO personne VALUES ('eri248','Obrien','Eric',22,168);
INSERT INTO personne VALUES ('sam249','Jacquet','Sami',19,178);
INSERT INTO personne VALUES ('man250','Daumesnil','Manuela',21,169);
INSERT INTO personne VALUES ('léa251','Candide','Léa',21,159);
INSERT INTO personne VALUES ('ger252','King','Gerard',15,173);
INSERT INTO personne VALUES ('joc253','Munoz','Jocelyn',19,171);
INSERT INTO personne VALUES ('eve254','Sabatier','Eve',18,164);
INSERT INTO personne VALUES ('myl255','Delacour','Mylène',26,168);
INSERT INTO personne VALUES ('arn256','Sullyvan','Arnaud',16,177);
INSERT INTO personne VALUES ('mel257','Mayor','Melissa',20,164);
INSERT INTO personne VALUES ('myl258','Toneatto','Mylène',23,160);
INSERT INTO personne VALUES ('oph259','Hope','Ophélie',23,158);
INSERT INTO personne VALUES ('hél260','Juro','Héloïse',14,156);
INSERT INTO personne VALUES ('pas261','Lussy','Pascale',18,170);
INSERT INTO personne VALUES ('tan262','Cleaux','Tania',19,159);
INSERT INTO personne VALUES ('pat263','Martin','Patrique',22,163);
INSERT INTO personne VALUES ('cél264','Ha','Céline',22,164);
INSERT INTO personne VALUES ('mél265','Dupont','Mélissa',25,153);
INSERT INTO personne VALUES ('dap266','Ivanov','Daphné',20,159);
INSERT INTO personne VALUES ('cam267','Albin','Camille',18,173);
INSERT INTO personne VALUES ('cor268','Wu','Coralie',27,155);
INSERT INTO personne VALUES ('wal269','Gaillard','Walid',18,171);
INSERT INTO personne VALUES ('jér270','Gibert','Jérémy',19,170);
INSERT INTO personne VALUES ('zor271','Lacour','Zora',16,158);
INSERT INTO personne VALUES ('yar272','Désiré','Yara',24,158);
INSERT INTO personne VALUES ('yar273','Nolan','Yara',20,156);
INSERT INTO personne VALUES ('ber274','Hibis','Bernadette',22,156);
INSERT INTO personne VALUES ('hug275','Houette','Hugo',15,174);
INSERT INTO personne VALUES ('tom276','Houette','Tom',21,167);
INSERT INTO personne VALUES ('eli277','Tautou','Elise',16,167);
INSERT INTO personne VALUES ('jod278','Poules','Jodie',21,158);
INSERT INTO personne VALUES ('rom279','Lucat','Romain',16,175);
INSERT INTO personne VALUES ('mar280','Duval','Marianne',23,162);
INSERT INTO personne VALUES ('chr281','Diacre','Christine',17,163);
INSERT INTO personne VALUES ('bru282','Desnouettes','Bruno',21,180);
INSERT INTO personne VALUES ('glo283','Amine','Gloria',17,163);
INSERT INTO personne VALUES ('mam284','Faram','Mamadou',17,178);
INSERT INTO personne VALUES ('dia285','Pascal','Diane',22,150);
INSERT INTO personne VALUES ('tom286','Vandermonde','Tom',18,180);
INSERT INTO personne VALUES ('axe287','Imon','Axel',19,173);
INSERT INTO personne VALUES ('aga288','Petit','Agathe',22,156);
INSERT INTO personne VALUES ('vic289','Bouris','Victoire',20,163);
INSERT INTO personne VALUES ('sol290','Welt','Solène',23,169);
INSERT INTO personne VALUES ('nat291','Dujardin','Nathan',15,183);
INSERT INTO personne VALUES ('gab292','Molas','Gabriel',25,181);
INSERT INTO personne VALUES ('noé293','Vandermonde','Noémie',16,160);
INSERT INTO personne VALUES ('bla294','Pérusse','Blanche',18,161);
INSERT INTO personne VALUES ('joh295','Lecuyer','John',20,176);
INSERT INTO personne VALUES ('maë296','Izzet','Maëva',19,167);
INSERT INTO personne VALUES ('dap297','Foy','Daphné',20,157);
INSERT INTO personne VALUES ('nat298','Beugnon','Nathan',22,171);
INSERT INTO personne VALUES ('oli299','Chaumont','Olivia',20,154);
INSERT INTO personne VALUES ('irè300','Etro','Irène',23,161);
INSERT INTO personne VALUES ('emi301','Duval','Emile',22,173);
INSERT INTO personne VALUES ('est302','Sabatier','Estelle',25,157);
INSERT INTO personne VALUES ('sam303','Nguyen','Sami',26,176);
INSERT INTO personne VALUES ('chr304','Mirande','Christopher',21,178);
INSERT INTO personne VALUES ('glo305','Kabil','Gloria',15,168);
INSERT INTO personne VALUES ('lou306','Rassiat','Louis',20,173);
INSERT INTO personne VALUES ('adr307','Chabat','Adrien',23,174);
INSERT INTO personne VALUES ('pru308','Sauveur','Prune',19,163);
INSERT INTO personne VALUES ('lae309','Ha','Laetitia',22,167);
INSERT INTO personne VALUES ('ond310','Duval','Ondine',15,155);
INSERT INTO personne VALUES ('mar311','Damon','Marjorie',20,165);
INSERT INTO personne VALUES ('vir312','Bison','Virginie',15,166);
INSERT INTO personne VALUES ('syl313','Christian','Sylvain',19,171);
INSERT INTO personne VALUES ('cla314','Wu','Claire',22,160);
INSERT INTO personne VALUES ('ste315','Ramon','Steve',15,181);
INSERT INTO personne VALUES ('ala316','Albin','Alain',21,175);
INSERT INTO personne VALUES ('ari317','Nina','Ariane',19,168);
INSERT INTO personne VALUES ('dim318','Dujardin','Dimitri',18,167);
INSERT INTO personne VALUES ('emi319','Imon','Emile',21,175);
INSERT INTO personne VALUES ('bri320','Dimir','Brigitte',15,160);
INSERT INTO personne VALUES ('tar321','Chabat','Tarja',23,166);
INSERT INTO personne VALUES ('océ322','Imon','Océane',23,162);
INSERT INTO personne VALUES ('sop323','Hope','Sophie',14,156);
INSERT INTO personne VALUES ('pab324','Quantyn','Pablo',20,172);
INSERT INTO personne VALUES ('rom325','Epeautre','Romain',18,168);
INSERT INTO personne VALUES ('sus326','Toneatto','Susanne',23,163);
INSERT INTO personne VALUES ('inè327','Rivière','Inès',22,160);
INSERT INTO personne VALUES ('léa328','Meunier','Léa',17,157);
INSERT INTO personne VALUES ('cor329','Lahaye','Corinne',20,163);
INSERT INTO personne VALUES ('jea330','Sabatier','Jean-Paul',22,175);
INSERT INTO personne VALUES ('yan331','Cock','Yann',24,172);
INSERT INTO personne VALUES ('sév332','Lucat','Séverine',17,158);
INSERT INTO personne VALUES ('flo333','Raymond','Flora',23,156);
INSERT INTO personne VALUES ('bén334','Sabatier','Bénédicte',18,155);
INSERT INTO personne VALUES ('jes335','Lucat','Jessica',23,155);
INSERT INTO personne VALUES ('oli336','Mirande','Olivia',18,159);
INSERT INTO personne VALUES ('fél337','Knight','Félicien',20,172);
INSERT INTO personne VALUES ('luc338','Williams','Lucile',16,153);
INSERT INTO personne VALUES ('con339','Dujardin','Constance',19,155);
INSERT INTO personne VALUES ('del340','Davis','Delphine',18,158);
INSERT INTO personne VALUES ('cam341','Momsen','Camille',21,166);
INSERT INTO personne VALUES ('rap342','Watt','Raphaelle',23,158);
INSERT INTO personne VALUES ('lis343','El Otmani','Lise',27,161);
INSERT INTO personne VALUES ('séb344','Gallois','Sébastien',26,175);
INSERT INTO personne VALUES ('rom345','Zaref','Romain',17,174);
INSERT INTO personne VALUES ('mel346','Chabat','Melvin',19,171);
INSERT INTO personne VALUES ('yan347','Le Blond','Yann',22,177);
INSERT INTO personne VALUES ('fau348','Ramon','Faustine',20,154);
INSERT INTO personne VALUES ('pab349','Damon','Pablo',23,179);
INSERT INTO personne VALUES ('clé350','Munoz','Clémence',17,167);
INSERT INTO personne VALUES ('cyr351','Nasse','Cyril',16,178);
INSERT INTO personne VALUES ('cor352','Chaland','Corinne',21,162);
INSERT INTO personne VALUES ('chr353','Pérusse','Christelle',14,167);
INSERT INTO personne VALUES ('mat354','Orchid','Mathilde',19,151);
INSERT INTO personne VALUES ('ben355','Daumesnil','Ben',20,178);
INSERT INTO personne VALUES ('emi356','Lemoine','Emile',21,172);
INSERT INTO personne VALUES ('jac357','Wagner','Jacob',16,181);
INSERT INTO personne VALUES ('den358','Da Costa','Denise',19,157);
INSERT INTO personne VALUES ('mél359','Foy','Mélanie',20,157);
INSERT INTO personne VALUES ('lis360','Etro','Lise',18,159);
INSERT INTO personne VALUES ('thé361','Welt','Théa',26,166);
INSERT INTO personne VALUES ('eth362','Hiquet','Ethan',24,174);
INSERT INTO personne VALUES ('mic363','Fortin','Michaël',23,173);
INSERT INTO personne VALUES ('emm364','Welt','Emma',17,167);
INSERT INTO personne VALUES ('que365','Hamill','Quentin',18,175);
INSERT INTO personne VALUES ('rég366','Borgne','Régis',20,178);
INSERT INTO personne VALUES ('dia367','Randu','Diane',23,157);
INSERT INTO personne VALUES ('deb368','Quillon','Deborah',15,174);
INSERT INTO personne VALUES ('dom369','Meunier','Dominique',22,160);
INSERT INTO personne VALUES ('alp370','Candide','Alphonse',19,176);
INSERT INTO personne VALUES ('rom371','Halimi','Romain',21,166);
INSERT INTO personne VALUES ('vir372','Monnet','Virgile',19,185);
INSERT INTO personne VALUES ('yan373','Orion','Yann',21,188);
INSERT INTO personne VALUES ('sam374','Nolan','Sami',15,171);
INSERT INTO personne VALUES ('aur375','Scherer','Aurore',17,154);
INSERT INTO personne VALUES ('jes376','Thévenot','Jessica',22,168);
INSERT INTO personne VALUES ('jea377','Christian','Jean-Christophe',25,173);
INSERT INTO personne VALUES ('rég378','Dufour','Régis',21,163);
INSERT INTO personne VALUES ('yve379','Le Blond','Yves',17,172);
INSERT INTO personne VALUES ('iol380','Wagner','Iolanda',18,162);
INSERT INTO personne VALUES ('gui381','Orchid','Guillaume',24,173);
INSERT INTO personne VALUES ('ali382','Lecuyer','Alice',14,149);
INSERT INTO personne VALUES ('yoh383','Lecuyer','Yohan',20,173);
INSERT INTO personne VALUES ('jul384','Lamy','Julien',18,177);
INSERT INTO personne VALUES ('lou385','Quantyn','Louis',21,175);
INSERT INTO personne VALUES ('thé386','Watt','Théodore',15,177);
INSERT INTO personne VALUES ('cyr387','Aubry','Cyril',19,178);
INSERT INTO personne VALUES ('max388','Label','Maxime',21,166);
INSERT INTO personne VALUES ('wal389','Poules','Walid',20,168);
INSERT INTO personne VALUES ('luc390','Rivière','Luc',25,173);
INSERT INTO personne VALUES ('cha391','Ramon','Charlie',21,174);
INSERT INTO personne VALUES ('vic392','Leroc','Victoria',17,149);
INSERT INTO personne VALUES ('thé393','Taylor','Théo',18,173);
INSERT INTO personne VALUES ('dyl394','Duval','Dylan',18,169);
INSERT INTO personne VALUES ('lou395','Ali','Louis',20,170);
INSERT INTO personne VALUES ('tar396','Phoebe','Tarja',15,151);
INSERT INTO personne VALUES ('yoh397','Noelle','Yohan',21,171);
INSERT INTO personne VALUES ('nes398','Larose','Nessie',22,170);
INSERT INTO personne VALUES ('tom399','Allaman','Tom',18,181);
INSERT INTO personne VALUES ('cor400','Faure','Corentin',18,176);
INSERT INTO personne VALUES ('luc401','Toneatto','Lucien',16,174);
INSERT INTO personne VALUES ('oct402','Kraller','Octave',19,180);
INSERT INTO personne VALUES ('mel403','Leroc','Melvin',21,180);
INSERT INTO personne VALUES ('mar404','Davis','Marianne',21,163);
INSERT INTO personne VALUES ('fab405','Oucq','Fabien',20,172);
INSERT INTO personne VALUES ('rém406','Dufour','Rémi',22,177);
INSERT INTO personne VALUES ('den407','Gigliotti','Denis',22,165);
INSERT INTO personne VALUES ('pri408','Lucat','Priss',17,167);
INSERT INTO personne VALUES ('maë409','Pascal','Maëva',24,162);
INSERT INTO personne VALUES ('cam410','Lemoine','Camille',17,172);
INSERT INTO personne VALUES ('mar411','Allaman','Marine',20,155);
INSERT INTO personne VALUES ('eve412','Gibert','Evelyne',19,158);
INSERT INTO personne VALUES ('nor413','Oucq','Norbert',23,180);
INSERT INTO personne VALUES ('dom414','Davis','Dominique',23,178);
INSERT INTO personne VALUES ('tar415','De Oliveira','Tarja',21,160);
INSERT INTO personne VALUES ('gré416','Bond','Grégory',19,173);
INSERT INTO personne VALUES ('tom417','Hé','Tom',20,170);
INSERT INTO personne VALUES ('tal418','Candide','Talia',17,155);
INSERT INTO personne VALUES ('léa419','Hope','Léa',24,161);
INSERT INTO personne VALUES ('jul420','Taylor','Juliette',17,161);
INSERT INTO personne VALUES ('flo421','Meilleur','Florent',20,176);
INSERT INTO personne VALUES ('hub422','Phoebe','Hubert',17,169);
INSERT INTO personne VALUES ('mat423','Dimir','Matthieu',21,176);
INSERT INTO personne VALUES ('hug424','Chaland','Hugues',21,176);
INSERT INTO personne VALUES ('ann425','Gaillard','Anna',15,155);
INSERT INTO personne VALUES ('sév426','Nasse','Séverine',19,164);
INSERT INTO personne VALUES ('bla427','Hope','Blanche',19,158);
INSERT INTO personne VALUES ('amy428','De Oliveira','Amy',18,161);
INSERT INTO personne VALUES ('col429','Oucq','Coline',22,164);
INSERT INTO personne VALUES ('thi430','Quérard','Thibault',15,181);
INSERT INTO personne VALUES ('mar431','Bond','Marion',14,159);
INSERT INTO personne VALUES ('dim432','Gigliotti','Dimitri',22,180);
INSERT INTO personne VALUES ('ros433','Bouat','Rose',21,153);
INSERT INTO personne VALUES ('elé434','Phoebe','Eléonore',19,157);
INSERT INTO personne VALUES ('eli435','Le Blond','Elisabeth',18,157);
INSERT INTO personne VALUES ('inè436','Randu','Inès',18,155);
INSERT INTO personne VALUES ('den437','Janjan','Denise',14,160);
INSERT INTO personne VALUES ('bru438','Barbu','Bruce',17,168);
INSERT INTO personne VALUES ('sim439','Hamill','Simon',15,171);
INSERT INTO personne VALUES ('ben440','Mayor','Ben',21,172);
INSERT INTO personne VALUES ('bry441','Ivanov','Bryan',17,173);
INSERT INTO personne VALUES ('loï442','Chaland','Loïc',21,183);
INSERT INTO personne VALUES ('syl443','Simons','Sylvie',13,148);
INSERT INTO personne VALUES ('emm444','Reid','Emmanuel',24,177);
INSERT INTO personne VALUES ('cor445','Allaman','Corinne',20,163);
INSERT INTO personne VALUES ('cla446','Hadrien','Claire',17,162);
INSERT INTO personne VALUES ('nin447','Lee','Nina',21,163);
INSERT INTO personne VALUES ('col448','Dufour','Coline',17,156);
INSERT INTO personne VALUES ('ant449','Chicot','Antoine',24,172);
INSERT INTO personne VALUES ('ber450','Lahaye','Bernard',22,172);
INSERT INTO personne VALUES ('cla451','Delacour','Claire',22,165);
INSERT INTO personne VALUES ('sop452','Nasse','Sophie',19,160);
INSERT INTO personne VALUES ('mar453','Patil','Marc',15,166);
INSERT INTO personne VALUES ('max454','Cleaux','Maxime',22,179);
INSERT INTO personne VALUES ('pas455','Oucq','Pascale',20,156);
INSERT INTO personne VALUES ('ash456','Bouat','Ashley',20,159);
INSERT INTO personne VALUES ('vin457','Candide','Vince',17,177);
INSERT INTO personne VALUES ('que458','Delauney','Quentin',19,172);
INSERT INTO personne VALUES ('bri459','Nasse','Brigitte',17,158);
INSERT INTO personne VALUES ('adè460','Dupont','Adèle',20,163);
INSERT INTO personne VALUES ('lou461','Angus','Louise',21,166);
INSERT INTO personne VALUES ('moh462','King','Mohammed',17,169);
INSERT INTO personne VALUES ('axe463','Ha','Axel',19,170);
INSERT INTO personne VALUES ('lae464','Hietala','Laetitia',20,168);
INSERT INTO personne VALUES ('den465','Maurin','Denise',16,159);
INSERT INTO personne VALUES ('lil466','Rivière','Lily',21,166);
INSERT INTO personne VALUES ('océ467','Pérusse','Océane',24,162);
INSERT INTO personne VALUES ('hub468','Cumberbatch','Hubert',24,174);
INSERT INTO personne VALUES ('ren469','Freeman','René',17,170);
INSERT INTO personne VALUES ('rom470','Dufour','Romain',19,171);
INSERT INTO personne VALUES ('vic471','Fernandes','Victor',19,170);
INSERT INTO personne VALUES ('yar472','Cook','Yara',24,171);
INSERT INTO personne VALUES ('vit473','Fauvel','Vitaly',16,177);
INSERT INTO personne VALUES ('sol474','Girard','Solène',20,162);
INSERT INTO personne VALUES ('tal475','Desnouettes','Talia',19,159);
INSERT INTO personne VALUES ('mar476','Phoebe','Marion',24,163);
INSERT INTO personne VALUES ('den477','Izart','Denis',20,177);
INSERT INTO personne VALUES ('jor478','Cook','Jordan',17,174);
INSERT INTO personne VALUES ('syl479','Fauvel','Sylvain',14,173);
INSERT INTO personne VALUES ('amé480','Dupond','Amélie',21,171);
INSERT INTO personne VALUES ('eve481','Chan','Evelyne',20,159);
INSERT INTO personne VALUES ('dap482','Zaref','Daphné',21,158);
INSERT INTO personne VALUES ('oli483','Clarke','Olivier',17,175);
INSERT INTO personne VALUES ('odi484','Sauveur','Odile',18,156);
INSERT INTO personne VALUES ('geo485','Kraller','Geoffrey',18,169);
INSERT INTO personne VALUES ('viv486','Hamel','Vivien',17,163);
INSERT INTO personne VALUES ('wil487','Désiré','William',19,176);
INSERT INTO personne VALUES ('lil488','Candide','Lilya',21,154);
INSERT INTO personne VALUES ('pat489','Rassiat','Patrice',18,182);
INSERT INTO personne VALUES ('sam490','Sauveur','Samuel',19,180);
INSERT INTO personne VALUES ('yoh491','Sabatier','Yohan',22,177);
INSERT INTO personne VALUES ('sum492','Scherer','Summer',18,162);
INSERT INTO personne VALUES ('pab493','Wagner','Pablo',13,162);
INSERT INTO personne VALUES ('bér494','Halimi','Bérénice',19,158);
INSERT INTO personne VALUES ('alp495','Le Blond','Alphonse',18,180);
INSERT INTO personne VALUES ('wil496','Hamill','William',19,186);
INSERT INTO personne VALUES ('mic497','Dulac','Michaël',12,151);
INSERT INTO personne VALUES ('pat498','Lacour','Patrice',17,182);
INSERT INTO personne VALUES ('yas499','Duval','Yasmine',25,158);
INSERT INTO personne VALUES ('rég500','Orchid','Régis',15,179);
INSERT INTO personne VALUES ('chr501','Fauvel','Christine',23,168);
INSERT INTO personne VALUES ('lis502','Fleury','Lise',20,162);
INSERT INTO personne VALUES ('chr503','Dimir','Christian',19,163);
INSERT INTO personne VALUES ('fra504','Allaman','François',23,181);
INSERT INTO personne VALUES ('clé505','Lee','Clément',18,172);
INSERT INTO personne VALUES ('nat506','Chaland','Natacha',17,148);
INSERT INTO personne VALUES ('sév507','Zibelin','Séverine',18,163);
INSERT INTO personne VALUES ('nat508','Cleaux','Natacha',21,164);
INSERT INTO personne VALUES ('mic509','Lacour','Michelle',16,157);
INSERT INTO personne VALUES ('sop510','Halimi','Sophie',14,168);
INSERT INTO personne VALUES ('pas511','Nguyen','Pascale',18,159);
INSERT INTO personne VALUES ('fau512','Munoz','Faustine',15,156);
INSERT INTO personne VALUES ('gui513','Chaumont','Guillaume',21,176);
INSERT INTO personne VALUES ('dim514','Taylor','Dimitri',15,178);
INSERT INTO personne VALUES ('fra515','Watt','France',16,156);
INSERT INTO personne VALUES ('aur516','Freeman','Aurélia',22,159);
INSERT INTO personne VALUES ('fau517','Hé','Faustine',19,167);
INSERT INTO personne VALUES ('dia518','Borgne','Diane',18,153);
INSERT INTO personne VALUES ('ger519','Wessels','Gerard',19,176);
INSERT INTO personne VALUES ('léo520','Tautou','Léonard',17,177);
INSERT INTO personne VALUES ('cam521','Lussy','Camille',21,167);
INSERT INTO personne VALUES ('elé522','Obrien','Eléonore',20,162);
INSERT INTO personne VALUES ('chr523','Barbu','Christelle',19,163);
INSERT INTO personne VALUES ('ric524','Juste','Richard',25,187);
INSERT INTO personne VALUES ('her525','Meunier','Hermione',20,164);
INSERT INTO personne VALUES ('nic526','Albin','Nicolas',18,179);
INSERT INTO personne VALUES ('joa527','Abiteboul','Joanna',22,156);
INSERT INTO personne VALUES ('con528','Ernaut','Constance',21,156);
INSERT INTO personne VALUES ('pat529','Hadrien','Patrique',15,175);
INSERT INTO personne VALUES ('flo530','Wu','Florent',21,172);
INSERT INTO personne VALUES ('did531','Juste','Didier',24,180);
INSERT INTO personne VALUES ('eme532','Martin','Emeric',23,173);
INSERT INTO personne VALUES ('hec533','Hietala','Hector',18,172);
INSERT INTO personne VALUES ('ant534','Hamill','Anthony',21,177);
INSERT INTO personne VALUES ('nat535','Molas','Nathalie',18,158);
INSERT INTO personne VALUES ('cha536','El Otmani','Charlène',17,160);
INSERT INTO personne VALUES ('ger537','Halimi','Germain',13,159);
INSERT INTO personne VALUES ('agn538','Jaffrezic','Agnès',17,155);
INSERT INTO personne VALUES ('myr539','Angus','Myriam',20,156);
INSERT INTO personne VALUES ('nao540','Candide','Naomi',25,161);
INSERT INTO personne VALUES ('isa541','Legrand','Isabelle',20,159);
INSERT INTO personne VALUES ('ily542','Nguyen','Ilyes',19,174);
INSERT INTO personne VALUES ('den543','Satouri','Denise',22,161);
INSERT INTO personne VALUES ('bru544','Wessels','Bruce',21,174);
INSERT INTO personne VALUES ('jac545','Barbu','Jacob',17,174);
INSERT INTO personne VALUES ('cha546','Perry','Charlène',15,157);
INSERT INTO personne VALUES ('art547','Nalis','Arthur',20,176);
INSERT INTO personne VALUES ('sév548','Rassiat','Séverine',20,169);
INSERT INTO personne VALUES ('bri549','Gallin','Brice',17,173);
INSERT INTO personne VALUES ('hec550','Taylor','Hector',18,171);
INSERT INTO personne VALUES ('xav551','Ali','Xavier',21,179);
INSERT INTO personne VALUES ('thi552','Templier','Thibault',16,172);
INSERT INTO personne VALUES ('cla553','Legrand','Claire',22,157);
INSERT INTO personne VALUES ('dam554','Munoz','Damien',24,181);
INSERT INTO personne VALUES ('san555','Vigneau','Sandy',22,161);
INSERT INTO personne VALUES ('yan556','Nguyen','Yann',17,172);
INSERT INTO personne VALUES ('son557','Hibis','Sonia',22,154);
INSERT INTO personne VALUES ('aga558','Graham','Agathe',16,157);
INSERT INTO personne VALUES ('eli559','Pallas','Elise',23,165);
INSERT INTO personne VALUES ('thé560','Lecuyer','Théo',21,183);
INSERT INTO personne VALUES ('art561','Monnet','Arthur',21,171);
INSERT INTO personne VALUES ('viv562','Kabil','Vivien',20,178);
INSERT INTO personne VALUES ('eti563','Rassiat','Etienne',18,169);
INSERT INTO personne VALUES ('man564','Rassiat','Manuela',15,154);
INSERT INTO personne VALUES ('joc565','Chaland','Jocelyn',22,179);
INSERT INTO personne VALUES ('myr566','Basin','Myriam',18,158);
INSERT INTO personne VALUES ('den567','Ali','Denis',17,181);
INSERT INTO personne VALUES ('loï568','Hamel','Loïc',18,170);
INSERT INTO personne VALUES ('vin569','De Oliveira','Vincent',20,180);
INSERT INTO personne VALUES ('you570','Erim','Youssef',20,175);
INSERT INTO personne VALUES ('sim571','Girard','Simon',24,175);
INSERT INTO personne VALUES ('jos572','Bienvenu','Joseph',22,175);
INSERT INTO personne VALUES ('dim573','Fannot','Dimitri',21,178);
INSERT INTO personne VALUES ('lei574','Orion','Leila',21,156);
INSERT INTO personne VALUES ('max575','Lamy','Maxime',18,174);
INSERT INTO personne VALUES ('ali576','Knight','Alice',18,158);
INSERT INTO personne VALUES ('geh577','Foy','Gehanne',17,163);
INSERT INTO personne VALUES ('jea578','Nguyen','Jean-Marie',17,175);
INSERT INTO personne VALUES ('fle579','Leroc','Fleur',21,160);
INSERT INTO personne VALUES ('gaë580','Desnouettes','Gaëlle',20,158);
INSERT INTO personne VALUES ('phi581','Momsen','Philippe',20,168);
INSERT INTO personne VALUES ('amy582','Nasse','Amy',19,153);
INSERT INTO personne VALUES ('lou583','Wagner','Louise',26,159);
INSERT INTO personne VALUES ('céc584','Simons','Cécile',22,157);
INSERT INTO personne VALUES ('gas585','Imon','Gaston',20,176);
INSERT INTO personne VALUES ('vic586','Gallin','Victor',17,167);
INSERT INTO personne VALUES ('vic587','Genty','Victoria',25,175);
INSERT INTO personne VALUES ('thé588','Hietala','Théo',19,175);
INSERT INTO personne VALUES ('que589','Orion','Quentin',24,172);
INSERT INTO personne VALUES ('nic590','Ramon','Nicoletta',20,154);
INSERT INTO personne VALUES ('meh591','Aubry','Mehdi',19,171);
INSERT INTO personne VALUES ('oct592','King','Octave',19,179);
INSERT INTO personne VALUES ('zac593','Albin','Zacharie',16,172);
INSERT INTO personne VALUES ('son594','Rhada','Sonia',21,162);
INSERT INTO personne VALUES ('aur595','Monnet','Aurore',26,161);
INSERT INTO personne VALUES ('aur596','Fortin','Aurore',20,155);
INSERT INTO personne VALUES ('den597','Gaillard','Denis',17,176);
INSERT INTO personne VALUES ('ang598','Desnouettes','Angelica',21,158);
INSERT INTO personne VALUES ('sus599','Welt','Susanne',22,157);
INSERT INTO personne VALUES ('les600','Gomez','Leslie',18,157);
INSERT INTO personne VALUES ('cha601','Gibert','Charlotte',18,169);
INSERT INTO personne VALUES ('zor602','Lee','Zora',23,161);
INSERT INTO personne VALUES ('yar603','Erim','Yara',18,158);
INSERT INTO personne VALUES ('gui604','Bienvenu','Guillaume',18,170);
INSERT INTO personne VALUES ('maë605','Toneatto','Maëva',17,165);
INSERT INTO personne VALUES ('gra606','Sullyvan','Grace',20,169);
INSERT INTO personne VALUES ('ash607','Delauney','Ashley',18,153);
INSERT INTO personne VALUES ('cor608','Poules','Corentin',19,174);
INSERT INTO personne VALUES ('hen609','Landau','Henri',21,171);
INSERT INTO personne VALUES ('rom610','Sabatier','Romain',15,171);
INSERT INTO personne VALUES ('fré611','Label','Frédérique',18,173);
INSERT INTO personne VALUES ('cor612','Lawrence','Coralie',23,159);
INSERT INTO personne VALUES ('dim613','Simons','Dimitri',18,178);
INSERT INTO personne VALUES ('sam614','Ha','Samuel',22,176);
INSERT INTO personne VALUES ('que615','Basin','Queene',24,154);
INSERT INTO personne VALUES ('zoé616','Hé','Zoé',25,157);
INSERT INTO personne VALUES ('pat617','Beleren','Patrice',14,168);
INSERT INTO personne VALUES ('ben618','Gigliotti','Benoit',24,176);
INSERT INTO personne VALUES ('ren619','Deneuve','Renaud',23,168);
INSERT INTO personne VALUES ('aur620','Nguyen','Aurélia',20,160);
INSERT INTO personne VALUES ('emm621','Barbu','Emmanuel',18,168);
INSERT INTO personne VALUES ('man622','Giersbergen','Manuela',18,155);
INSERT INTO personne VALUES ('sam623','Gomez','Sam',22,170);
INSERT INTO personne VALUES ('léo624','Rosselini','Léo',15,175);
INSERT INTO personne VALUES ('aur625','Raymond','Aurélien',21,176);
INSERT INTO personne VALUES ('ren626','Clarke','Renaud',20,172);
INSERT INTO personne VALUES ('zoé627','Wagner','Zoé',15,153);
INSERT INTO personne VALUES ('agn628','Amine','Agnès',20,155);
INSERT INTO personne VALUES ('mat629','Lacour','Mathis',17,176);
INSERT INTO personne VALUES ('dor630','Abiteboul','Dorothée',15,156);
INSERT INTO personne VALUES ('emi631','El Otmani','Emilia',19,157);
INSERT INTO personne VALUES ('ant632','Welt','Anthony',17,180);
INSERT INTO personne VALUES ('suz633','Faure','Suzanne',17,161);
INSERT INTO personne VALUES ('bén634','Hibis','Bénédicte',13,149);
INSERT INTO personne VALUES ('oli635','Lemoine','Olivia',18,164);
INSERT INTO personne VALUES ('joh636','Daumesnil','John',21,184);
INSERT INTO personne VALUES ('jan637','Davis','Jane',20,155);
INSERT INTO personne VALUES ('vir638','Gigliotti','Virginie',18,164);
INSERT INTO personne VALUES ('bri639','Molas','Brittany',22,157);
INSERT INTO personne VALUES ('joh640','Leroc','John',16,170);
INSERT INTO personne VALUES ('sop641','Larose','Sophie',21,162);
INSERT INTO personne VALUES ('oph642','Juro','Ophélie',19,158);
INSERT INTO personne VALUES ('uly643','Lemoine','Ulysse',15,172);
INSERT INTO personne VALUES ('tar644','Pascal','Tarja',18,171);
INSERT INTO personne VALUES ('sam645','Ledoux','Sam',21,171);
INSERT INTO personne VALUES ('ant646','Munoz','Anthony',23,174);
INSERT INTO personne VALUES ('vit647','Welt','Vitaly',18,173);
INSERT INTO personne VALUES ('rom648','Turunen','Romane',18,156);
INSERT INTO personne VALUES ('jam649','Knuth','James',20,173);
INSERT INTO personne VALUES ('san650','De Oliveira','Sandy',19,162);
INSERT INTO personne VALUES ('luc651','Lahaye','Lucien',16,173);
INSERT INTO personne VALUES ('uly652','Mirande','Ulysse',22,174);
INSERT INTO personne VALUES ('her653','Perry','Hermione',21,154);
INSERT INTO personne VALUES ('bry654','Dujardin','Bryan',22,167);
INSERT INTO personne VALUES ('dim655','Gigliotti','Dimitri',25,172);
INSERT INTO personne VALUES ('pau656','Vital','Paul',23,168);
INSERT INTO personne VALUES ('adr657','Facquin','Adrien',17,177);
INSERT INTO personne VALUES ('sam658','Fernandes','Sam',23,177);
INSERT INTO personne VALUES ('flo659','Nina','Florence',19,160);
INSERT INTO personne VALUES ('ger660','Izzet','Gerard',22,177);
INSERT INTO personne VALUES ('sév661','Tibre','Séverine',20,163);
INSERT INTO personne VALUES ('hug662','Vigneau','Hugo',20,184);
INSERT INTO personne VALUES ('ale663','Lanvin','Alexandra',22,156);
INSERT INTO personne VALUES ('oct664','Fauvel','Octave',17,176);
INSERT INTO personne VALUES ('rog665','Rhada','Roger',22,174);
INSERT INTO personne VALUES ('ale666','Qarth','Alexis',21,177);
INSERT INTO personne VALUES ('you667','Deneuve','Youssef',14,168);
INSERT INTO personne VALUES ('yve668','Legrand','Yves',18,179);
INSERT INTO personne VALUES ('gas669','Borgne','Gaspard',15,182);
INSERT INTO personne VALUES ('ala670','Delauney','Alan',19,176);
INSERT INTO personne VALUES ('ala671','Epeautre','Alain',17,172);
INSERT INTO personne VALUES ('ant672','Wu','Antoine',18,174);
INSERT INTO personne VALUES ('cor673','Momsen','Corinne',17,163);
INSERT INTO personne VALUES ('lud674','Fauvel','Ludovic',20,174);
INSERT INTO personne VALUES ('iph675','Qarth','Iphigénie',24,154);
INSERT INTO personne VALUES ('bén676','Gigliotti','Bénédicte',19,153);
INSERT INTO personne VALUES ('cha677','Thévenot','Charlotte',21,158);
INSERT INTO personne VALUES ('chr678','Giersbergen','Christelle',16,162);
INSERT INTO personne VALUES ('moh679','Pallas','Mohammed',23,179);
INSERT INTO personne VALUES ('tim680','Glau','Timothé',20,181);
INSERT INTO personne VALUES ('nic681','Dupond','Nicoletta',20,163);
INSERT INTO personne VALUES ('sop682','Chicot','Sophie',19,155);
INSERT INTO personne VALUES ('rod683','Templier','Rodolphe',19,175);
INSERT INTO personne VALUES ('jea684','Dimir','Jeanne',23,172);
INSERT INTO personne VALUES ('mau685','Bale','Maud',18,160);
INSERT INTO personne VALUES ('ale686','Watt','Alexandra',21,165);
INSERT INTO personne VALUES ('rha687','Thévenot','Rhada',21,161);
INSERT INTO personne VALUES ('thé688','Taylor','Théodore',22,170);
INSERT INTO personne VALUES ('clé689','Pérusse','Clémentine',20,159);
INSERT INTO personne VALUES ('ala690','Chan','Alain',21,173);
INSERT INTO personne VALUES ('vin691','Christian','Vince',17,166);
INSERT INTO personne VALUES ('cor692','Gomez','Coralie',20,152);
INSERT INTO personne VALUES ('ale693','Christian','Alexandre',18,188);
INSERT INTO personne VALUES ('thé694','Imon','Théo',19,179);
INSERT INTO personne VALUES ('reb695','Etro','Rebecca',19,156);
INSERT INTO personne VALUES ('gin696','Dujardin','Ginette',20,148);
INSERT INTO personne VALUES ('ell697','Obrien','Elliot',13,165);
INSERT INTO personne VALUES ('syl698','Gonthier','Sylvie',18,167);
INSERT INTO personne VALUES ('adr699','Gallois','Adrien',22,176);
INSERT INTO personne VALUES ('hec700','Hadrien','Hector',15,175);
INSERT INTO personne VALUES ('jér701','Pallas','Jérémy',24,170);
INSERT INTO personne VALUES ('hec702','Nasse','Hector',23,169);
INSERT INTO personne VALUES ('syl703','Pérusse','Sylvain',15,173);
INSERT INTO personne VALUES ('ber704','Beleren','Bernadette',19,161);
INSERT INTO personne VALUES ('fra705','Lamy','François',15,169);
INSERT INTO personne VALUES ('aur706','Gallin','Aurélien',21,172);
INSERT INTO personne VALUES ('ros707','Bienvenu','Rose',19,154);
INSERT INTO personne VALUES ('pri708','Munoz','Priss',16,165);
INSERT INTO personne VALUES ('gré709','Delacour','Grégory',18,183);
INSERT INTO personne VALUES ('nas710','Reid','Nassim',17,175);
INSERT INTO personne VALUES ('mar711','Ryd','Marco',23,169);
INSERT INTO personne VALUES ('cyr712','Gomez','Cyril',20,169);
INSERT INTO personne VALUES ('lud713','Graham','Ludovic',24,177);
INSERT INTO personne VALUES ('tal714','Ivanov','Talissa',10,115);
INSERT INTO personne VALUES ('nic715','Glau','Nicole',24,154);
INSERT INTO personne VALUES ('aur716','Fernandes','Aurore',20,164);
INSERT INTO personne VALUES ('jor717','Ledoux','Jordan',20,175);
INSERT INTO personne VALUES ('sam718','Lemoine','Sami',20,172);
INSERT INTO personne VALUES ('clé719','Ha','Clément',17,171);
INSERT INTO personne VALUES ('myl720','Watt','Mylène',18,159);
INSERT INTO personne VALUES ('ell721','Lecuyer','Elliot',23,172);
INSERT INTO personne VALUES ('adè722','Diacre','Adèle',18,161);
INSERT INTO personne VALUES ('pru723','Turunen','Prune',21,162);
INSERT INTO personne VALUES ('nao724','Angus','Naomi',17,161);
INSERT INTO personne VALUES ('uly725','Rosselini','Ulysse',19,174);
INSERT INTO personne VALUES ('sté726','Munoz','Stéphane',21,175);
INSERT INTO personne VALUES ('sim727','Jaffrezic','Simon',21,185);
INSERT INTO personne VALUES ('ste728','Ben Miled','Steve',23,166);
INSERT INTO personne VALUES ('did729','Nalis','Didier',19,180);
INSERT INTO personne VALUES ('aga730','Girard','Agathe',23,153);
INSERT INTO personne VALUES ('cyn731','Freeman','Cyndie',21,158);
INSERT INTO personne VALUES ('ala732','Orion','Alan',26,178);
INSERT INTO personne VALUES ('vér733','Tautou','Véronique',17,168);
INSERT INTO personne VALUES ('chr734','Zibelin','Christelle',17,157);
INSERT INTO personne VALUES ('béa735','Foy','Béatrice',21,160);
INSERT INTO personne VALUES ('ale736','Qarth','Alexandre',21,176);
INSERT INTO personne VALUES ('thé737','Nalis','Théodore',15,176);
INSERT INTO personne VALUES ('rém738','Dupond','Rémi',18,176);
INSERT INTO personne VALUES ('céd739','Wagner','Cédric',23,180);
INSERT INTO personne VALUES ('ste740','Christian','Steve',18,186);
INSERT INTO personne VALUES ('joh741','Noelle','John',15,175);
INSERT INTO personne VALUES ('flo742','Davis','Flora',20,151);
INSERT INTO personne VALUES ('ben743','Ben Miled','Benoit',14,178);
INSERT INTO personne VALUES ('nat744','Fleury','Nathan',17,168);
INSERT INTO personne VALUES ('val745','Cumberbatch','Valentin',23,173);
INSERT INTO personne VALUES ('del746','Momsen','Delphine',18,164);
INSERT INTO personne VALUES ('man747','Izzet','Manuela',20,170);
INSERT INTO personne VALUES ('aud748','Epeautre','Audrey',17,160);
INSERT INTO personne VALUES ('luc749','Ben Miled','Lucie',18,156);
INSERT INTO personne VALUES ('pas750','Legrand','Pascale',18,154);
INSERT INTO personne VALUES ('lud751','Gaillard','Ludovic',22,167);
INSERT INTO personne VALUES ('ber752','Girard','Bernard',18,179);
INSERT INTO personne VALUES ('gab753','Larose','Gabriel',18,182);
INSERT INTO personne VALUES ('emi754','Fannot','Emilia',16,168);
INSERT INTO personne VALUES ('est755','Nina','Estelle',22,158);
INSERT INTO personne VALUES ('hub756','King','Hubert',21,165);
INSERT INTO personne VALUES ('mat757','Label','Mathilde',17,163);
INSERT INTO personne VALUES ('léo758','Bison','Léo',18,176);
INSERT INTO personne VALUES ('les759','Clarke','Leslie',19,159);
INSERT INTO personne VALUES ('eth760','Nina','Ethan',22,175);
INSERT INTO personne VALUES ('nie761','Angus','Niels',22,178);
INSERT INTO personne VALUES ('eri762','Girard','Eric',16,169);
INSERT INTO personne VALUES ('ang763','Giersbergen','Angelica',18,169);
INSERT INTO personne VALUES ('vio764','Chaland','Violette',18,163);
INSERT INTO personne VALUES ('mar765','Chabat','Marianne',20,145);
INSERT INTO personne VALUES ('béa766','Dupuis','Béatrice',16,150);
INSERT INTO personne VALUES ('yas767','Epeautre','Yasser',21,171);
INSERT INTO personne VALUES ('ale768','Sauveur','Alexis',18,177);
INSERT INTO personne VALUES ('ala769','Ramon','Alan',15,169);
INSERT INTO personne VALUES ('art770','Toneatto','Arthur',17,169);
INSERT INTO personne VALUES ('nas771','Lahaye','Nassim',21,175);
INSERT INTO personne VALUES ('rém772','Cock','Rémi',18,184);
INSERT INTO personne VALUES ('xav773','Damon','Xavier',14,173);
INSERT INTO personne VALUES ('léo774','Giersbergen','Léonard',19,180);
INSERT INTO personne VALUES ('ric775','Sullyvan','Richard',20,174);
INSERT INTO personne VALUES ('mic776','Carmin','Michelle',21,156);
INSERT INTO personne VALUES ('sim777','Sabatier','Simon',18,179);
INSERT INTO personne VALUES ('tho778','Gomez','Thomas',21,177);
INSERT INTO personne VALUES ('wil779','Monnet','William',21,170);
INSERT INTO personne VALUES ('chr780','Cleaux','Christian',19,178);
INSERT INTO personne VALUES ('son781','Giron','Sonia',20,167);
INSERT INTO personne VALUES ('ibr782','Amine','Ibrahim',25,163);
INSERT INTO personne VALUES ('flo783','Cumberbatch','Florent',19,172);
INSERT INTO personne VALUES ('nin784','Gallin','Nina',17,160);
INSERT INTO personne VALUES ('jea785','Noelle','Jean',22,170);
INSERT INTO personne VALUES ('océ786','Tibre','Océane',18,155);
INSERT INTO personne VALUES ('mar787','Fernandes','Marc',21,168);
INSERT INTO personne VALUES ('aur788','Nasse','Aurore',20,159);
INSERT INTO personne VALUES ('béa789','Gomez','Béatrice',15,157);
INSERT INTO personne VALUES ('sim790','Houette','Simone',22,161);
INSERT INTO personne VALUES ('bas791','Désiré','Bastien',16,171);
INSERT INTO personne VALUES ('yoh792','Taylor','Yohan',18,175);
INSERT INTO personne VALUES ('oli793','Beleren','Olivia',15,160);
INSERT INTO personne VALUES ('iol794','Oucq','Iolanda',19,156);
INSERT INTO personne VALUES ('bla795','Nina','Blaise',21,178);
INSERT INTO personne VALUES ('ger796','Cock','Gerard',20,185);
INSERT INTO personne VALUES ('vit797','Elamar','Vitaly',21,180);
INSERT INTO personne VALUES ('luc798','Joly','Lucie',21,152);
INSERT INTO personne VALUES ('elé799','Gibert','Eléonore',15,165);
INSERT INTO personne VALUES ('aga800','Ledoux','Agathe',22,156);
INSERT INTO personne VALUES ('thé801','Patil','Théodore',24,176);
INSERT INTO personne VALUES ('emm802','Le Blond','Emma',25,168);
INSERT INTO personne VALUES ('bar803','Martin','Barbara',19,174);
INSERT INTO personne VALUES ('joh804','Bouat','John',15,163);
INSERT INTO personne VALUES ('odi805','Bison','Odile',19,152);
INSERT INTO personne VALUES ('sab806','Reid','Sabrina',24,152);
INSERT INTO personne VALUES ('yas807','Qarth','Yasmine',19,156);
INSERT INTO personne VALUES ('oli808','Qarth','Olivia',21,157);
INSERT INTO personne VALUES ('urs809','Christian','Ursula',18,168);
INSERT INTO personne VALUES ('hug810','Wessels','Hugo',28,179);
INSERT INTO personne VALUES ('urs811','Fernandes','Ursula',19,157);
INSERT INTO personne VALUES ('gas812','Abiteboul','Gaston',20,173);
INSERT INTO personne VALUES ('lam813','Orchid','Lamri',21,174);
INSERT INTO personne VALUES ('clé814','Candide','Clément',18,170);
INSERT INTO personne VALUES ('bry815','Bienvenu','Bryan',17,170);
INSERT INTO personne VALUES ('kar816','Izart','Karim',15,180);
INSERT INTO personne VALUES ('ann817','Dupond','Anna',22,156);
INSERT INTO personne VALUES ('cha818','Taylor','Charlie',21,175);
INSERT INTO personne VALUES ('jes819','Fleury','Jessica',18,169);
INSERT INTO personne VALUES ('ren820','Obrien','Renaud',20,184);
INSERT INTO personne VALUES ('gin821','Renoir','Ginette',20,170);
INSERT INTO personne VALUES ('mar822','Poules','Marc',22,166);
INSERT INTO personne VALUES ('sté823','Phoebe','Stéphane',22,170);
INSERT INTO personne VALUES ('emi824','Wessels','Emilia',20,161);
INSERT INTO personne VALUES ('ant825','Juste','Antoine',21,180);
INSERT INTO personne VALUES ('myr826','Hibis','Myriam',17,161);
INSERT INTO personne VALUES ('adè827','Watt','Adèle',20,160);
INSERT INTO personne VALUES ('art828','Noelle','Arthur',18,180);
INSERT INTO personne VALUES ('pab829','Noelle','Pablo',22,176);
INSERT INTO personne VALUES ('adr830','Perry','Adrien',20,178);
INSERT INTO personne VALUES ('yoh831','Toneatto','Yohan',18,178);
INSERT INTO personne VALUES ('bru832','Hope','Bruno',19,175);
INSERT INTO personne VALUES ('ang833','Quérard','Angelica',22,159);
INSERT INTO personne VALUES ('flo834','Chaumont','Florence',18,161);
INSERT INTO personne VALUES ('hél835','Randu','Héloïse',22,156);
INSERT INTO personne VALUES ('viv836','Faure','Vivien',17,177);
INSERT INTO personne VALUES ('léo837','Fauvel','Léo',20,178);
INSERT INTO personne VALUES ('gab838','Hé','Gabrielle',19,160);
INSERT INTO personne VALUES ('gab839','Ernaut','Gabriel',16,170);
INSERT INTO personne VALUES ('chr840','Désiré','Christelle',25,166);
INSERT INTO personne VALUES ('myr841','Rhada','Myriam',19,163);
INSERT INTO personne VALUES ('mél842','Lemoine','Mélissa',20,163);
INSERT INTO personne VALUES ('con843','Candide','Constance',18,159);
INSERT INTO personne VALUES ('dom844','Jourdan','Dominique',18,180);
INSERT INTO personne VALUES ('bri845','Sullyvan','Brittany',14,156);
INSERT INTO personne VALUES ('lud846','Beugnon','Ludovic',19,171);
INSERT INTO personne VALUES ('ale847','Lemoine','Alexandre',18,178);
INSERT INTO personne VALUES ('lud848','Hamill','Ludovic',24,169);
INSERT INTO personne VALUES ('jac849','Hamill','Jacob',20,177);
INSERT INTO personne VALUES ('iph850','Phoebe','Iphigénie',18,161);
INSERT INTO personne VALUES ('hub851','Albin','Hubert',20,187);
INSERT INTO personne VALUES ('isa852','Fleury','Isabelle',15,155);
INSERT INTO personne VALUES ('fra853','Freeman','François',18,172);
INSERT INTO personne VALUES ('ben854','Larose','Benedict',16,166);
INSERT INTO personne VALUES ('edo855','Dulac','Edouard',17,176);
INSERT INTO personne VALUES ('pau856','Diacre','Pauline',23,161);
INSERT INTO personne VALUES ('you857','Williams','Youssef',23,184);
INSERT INTO personne VALUES ('yar858','Fortin','Yara',18,160);
INSERT INTO personne VALUES ('cla859','Hamel','Claire',19,157);
INSERT INTO personne VALUES ('cam860','Ha','Camille',18,164);
INSERT INTO personne VALUES ('myl861','Clarke','Mylène',20,160);
INSERT INTO personne VALUES ('chr862','Rosselini','Christopher',15,178);
INSERT INTO personne VALUES ('thé863','Giersbergen','Thérèse',20,159);
INSERT INTO personne VALUES ('meh864','Rhada','Mehdi',20,183);
INSERT INTO personne VALUES ('rap865','Désiré','Raphaël',23,163);
INSERT INTO personne VALUES ('alp866','Fannot','Alphonse',19,166);
INSERT INTO personne VALUES ('nic867','Dimir','Nicole',13,152);
INSERT INTO personne VALUES ('ann868','Dulac','Anne',19,157);
INSERT INTO personne VALUES ('dia869','Knuth','Dianne',23,160);
INSERT INTO personne VALUES ('jos870','Hamel','Joseph',19,174);
INSERT INTO personne VALUES ('jul871','Oucq','Julien',25,176);
INSERT INTO personne VALUES ('den872','Rivière','Denise',19,165);
INSERT INTO personne VALUES ('glo873','Kabil','Gloria',17,162);
INSERT INTO personne VALUES ('vér874','Daumesnil','Véronique',20,164);
INSERT INTO personne VALUES ('yve875','Raymond','Yves',18,182);
INSERT INTO personne VALUES ('dom876','Duval','Dominique',15,165);
INSERT INTO personne VALUES ('rom877','Joly','Romane',25,158);
INSERT INTO personne VALUES ('sop878','Lawrence','Sophie',21,152);
INSERT INTO personne VALUES ('wen879','Quérard','Wendy',22,157);
INSERT INTO personne VALUES ('ann880','Sabatier','Anna',22,166);
INSERT INTO personne VALUES ('rap881','Deneuve','Raphaelle',20,161);
INSERT INTO personne VALUES ('tim882','Gallin','Timothé',22,178);
INSERT INTO personne VALUES ('ibr883','Christian','Ibrahim',21,186);
INSERT INTO personne VALUES ('mar884','Winter','Marylin',18,161);
INSERT INTO personne VALUES ('hen885','Bouat','Henriette',16,162);
INSERT INTO personne VALUES ('sté886','Monnet','Stéphanie',20,149);
INSERT INTO personne VALUES ('sop887','Cock','Sophie',23,160);
INSERT INTO personne VALUES ('alp888','Rosselini','Alphonse',20,181);
INSERT INTO personne VALUES ('fra889','Hope','François',21,171);
INSERT INTO personne VALUES ('wal890','Beugnon','Walid',20,168);
INSERT INTO personne VALUES ('cri891','Petit','Cristina',26,164);
INSERT INTO personne VALUES ('fré892','Sullyvan','Frédérique',18,177);
INSERT INTO personne VALUES ('vic893','Hamill','Victoire',21,174);
INSERT INTO personne VALUES ('nie894','Desnouettes','Niels',19,183);
INSERT INTO personne VALUES ('cha895','Watt','Charlotte',18,161);
INSERT INTO personne VALUES ('hec896','Juro','Hector',21,171);
INSERT INTO personne VALUES ('san897','Borgne','Sandy',20,169);
INSERT INTO personne VALUES ('rod898','Wu','Rodolphe',18,166);
INSERT INTO personne VALUES ('cha899','Zaref','Charlène',21,159);
INSERT INTO personne VALUES ('céc900','Chaumont','Cécile',17,159);
INSERT INTO personne VALUES ('adr901','Gomez','Adrien',17,184);
INSERT INTO personne VALUES ('lou902','Hietala','Louis',17,167);
INSERT INTO personne VALUES ('bry903','Sullyvan','Bryan',24,173);
INSERT INTO personne VALUES ('sté904','Fleury','Stéphanie',19,160);
INSERT INTO personne VALUES ('xav905','Zibelin','Xavier',18,170);
INSERT INTO personne VALUES ('odi906','Beleren','Odile',15,157);
INSERT INTO personne VALUES ('chr907','Deneuve','Christopher',19,174);
INSERT INTO personne VALUES ('oct908','Sabatier','Octave',20,176);
INSERT INTO personne VALUES ('cas909','Jourdan','Cassandre',18,156);
INSERT INTO personne VALUES ('jor910','Desnouettes','Jordan',18,177);
INSERT INTO personne VALUES ('car911','Nolan','Carole',18,159);
INSERT INTO personne VALUES ('vir912','Lussy','Virgile',22,181);
INSERT INTO personne VALUES ('pas913','Lahaye','Pascale',16,160);
INSERT INTO personne VALUES ('emm914','Lanvin','Emma',17,163);
INSERT INTO personne VALUES ('léa915','Hope','Léa',17,161);
INSERT INTO personne VALUES ('thé916','Dulac','Thérèse',19,160);
INSERT INTO personne VALUES ('luc917','Damon','Luc',15,183);
INSERT INTO personne VALUES ('noé918','Jaffrezic','Noémie',20,160);
INSERT INTO personne VALUES ('aur919','Fortin','Aurélien',20,170);
INSERT INTO personne VALUES ('eli920','Delacour','Elize',21,161);
INSERT INTO personne VALUES ('lam921','Lawrence','Lamri',20,175);
INSERT INTO personne VALUES ('wal922','Halimi','Walid',20,175);
INSERT INTO personne VALUES ('emi923','Epeautre','Emile',20,173);
INSERT INTO personne VALUES ('mam924','Faram','Mamadou',15,167);
INSERT INTO personne VALUES ('dam925','Chaumont','Damien',17,173);
INSERT INTO personne VALUES ('mic926','Blot','Michaël',23,171);
INSERT INTO personne VALUES ('odi927','Dupond','Odile',20,159);
INSERT INTO personne VALUES ('eth928','Raymond','Ethan',20,173);
INSERT INTO personne VALUES ('luc929','Janjan','Lucien',18,170);
INSERT INTO personne VALUES ('eri930','Bison','Eric',21,178);
INSERT INTO personne VALUES ('moh931','Houette','Mohammed',22,183);
INSERT INTO personne VALUES ('oli932','Lemoine','Olivia',18,162);
INSERT INTO personne VALUES ('bén933','Legrand','Bénédicte',22,161);
INSERT INTO personne VALUES ('sam934','Davis','Sami',19,172);
INSERT INTO personne VALUES ('agn935','Beleren','Agnès',17,161);
INSERT INTO personne VALUES ('san936','Rassiat','Sandy',18,159);
INSERT INTO personne VALUES ('jea937','Izzet','Jean-Christophe',19,177);
INSERT INTO personne VALUES ('ant938','Nguyen','Anthony',17,169);
INSERT INTO personne VALUES ('jam939','Cook','James',18,177);
INSERT INTO personne VALUES ('céd940','Thévenot','Cédric',16,178);
INSERT INTO personne VALUES ('luc941','Giersbergen','Lucie',23,157);
INSERT INTO personne VALUES ('isa942','Glau','Isabelle',24,159);
INSERT INTO personne VALUES ('jos943','Graham','Joseph',19,174);
INSERT INTO personne VALUES ('tif944','Simons','Tiffany',19,160);
INSERT INTO personne VALUES ('bap945','Bond','Baptiste',16,172);
INSERT INTO personne VALUES ('den946','Duval','Denise',21,170);
INSERT INTO personne VALUES ('axe947','Rhada','Axel',22,178);
INSERT INTO personne VALUES ('pru948','Aubry','Prune',20,159);
INSERT INTO personne VALUES ('kar949','Genty','Karim',22,170);
INSERT INTO personne VALUES ('luc950','Gomez','Lucile',21,167);
INSERT INTO personne VALUES ('ann951','Nina','Anna',21,156);
INSERT INTO personne VALUES ('amé952','Chan','Amélie',18,154);
INSERT INTO personne VALUES ('jea953','Dupont','Jean-Christophe',16,180);
INSERT INTO personne VALUES ('car954','Landau','Carine',19,157);
INSERT INTO personne VALUES ('kar955','Rassiat','Karim',19,177);
INSERT INTO personne VALUES ('max956','Hiquet','Maxime',23,169);
INSERT INTO personne VALUES ('lil957','Winter','Lilya',21,158);
INSERT INTO personne VALUES ('rod958','Chabat','Rodolphe',21,177);
INSERT INTO personne VALUES ('flo959','Mavin','Florian',21,170);
INSERT INTO personne VALUES ('mic960','Landau','Michel',18,172);
INSERT INTO personne VALUES ('myr961','Lacour','Myriam',15,149);
INSERT INTO personne VALUES ('yas962','Mayor','Yasmine',22,157);
INSERT INTO personne VALUES ('ton963','Candide','Tony',19,177);
INSERT INTO personne VALUES ('car964','Elamar','Carine',22,159);
INSERT INTO personne VALUES ('joh965','Christian','John',16,173);
INSERT INTO personne VALUES ('ros966','Chaland','Rose',19,159);
INSERT INTO personne VALUES ('flo967','Izart','Flora',17,150);
INSERT INTO personne VALUES ('ger968','Cock','Germain',22,180);
INSERT INTO personne VALUES ('ste969','Janjan','Steve',25,176);
INSERT INTO personne VALUES ('océ970','Wagner','Océane',21,157);
INSERT INTO personne VALUES ('syl971','Gibert','Sylvain',20,185);
INSERT INTO personne VALUES ('léo972','Pallas','Léonard',26,177);
INSERT INTO personne VALUES ('myl973','Tabalin','Mylène',26,151);
INSERT INTO personne VALUES ('rod974','Randu','Rodolphe',22,172);
INSERT INTO personne VALUES ('nao975','Deneuve','Naomi',17,155);
INSERT INTO personne VALUES ('loï976','Poules','Loïc',23,184);
INSERT INTO personne VALUES ('oma977','Ben Miled','Omar',17,183);
INSERT INTO personne VALUES ('elo978','Daumesnil','Elodie',14,163);
INSERT INTO personne VALUES ('bri979','Cumberbatch','Brittany',21,157);
INSERT INTO personne VALUES ('den980','Fernandes','Denis',17,180);
INSERT INTO personne VALUES ('cyr981','Christian','Cyril',17,175);
INSERT INTO personne VALUES ('cha982','Scherer','Charles',20,177);
INSERT INTO personne VALUES ('rog983','Le Blond','Roger',20,178);
INSERT INTO personne VALUES ('jes984','Watt','Jessica',21,165);
INSERT INTO personne VALUES ('bru985','Phoebe','Bruno',18,176);
INSERT INTO personne VALUES ('gin986','Nolan','Ginna',21,159);
INSERT INTO personne VALUES ('eve987','Quillon','Evelyne',22,161);
INSERT INTO personne VALUES ('sop988','Kabil','Sophie',16,162);
INSERT INTO personne VALUES ('ang989','Glau','Angelica',20,156);
INSERT INTO personne VALUES ('que990','Halimi','Quentin',21,172);
INSERT INTO personne VALUES ('lau991','Wagner','Lauriane',20,150);
INSERT INTO personne VALUES ('ali992','Welt','Alice',21,160);
INSERT INTO personne VALUES ('océ993','Carmin','Océane',18,163);
INSERT INTO personne VALUES ('lil994','Rassiat','Lilya',16,164);
INSERT INTO personne VALUES ('ama995','Hamill','Amanda',21,165);
INSERT INTO personne VALUES ('lae996','Hope','Laetitia',18,158);
INSERT INTO personne VALUES ('syl997','Zibelin','Sylvain',24,177);
INSERT INTO personne VALUES ('ger998','Beugnon','Germain',21,169);
INSERT INTO personne VALUES ('oli999','Simons','Olivia',18,166);


---Filling table soiree:
INSERT INTO soiree VALUES (0,'Nîmes','2018-11-1',11,'vir912',69);
INSERT INTO soiree VALUES (1,'Metz','2018-12-3',7,'ste728',52);
INSERT INTO soiree VALUES (2,'Amiens','2019-8-1',6,'den358',17);
INSERT INTO soiree VALUES (3,'Montpellier','2016-9-12',11,'myl258',89);
INSERT INTO soiree VALUES (4,'Nantes','2018-8-13',11,'hug662',17);
INSERT INTO soiree VALUES (5,'Grenoble','2019-2-23',5,'hug662',57);
INSERT INTO soiree VALUES (6,'Caen','2019-3-27',12,'dyl114',53);
INSERT INTO soiree VALUES (7,'Nancy','2018-10-22',14,'eli55',42);
INSERT INTO soiree VALUES (8,'Saint-Etienne','2018-1-13',10,'ste728',72);
INSERT INTO soiree VALUES (9,'Nice','2017-2-24',10,'ber450',89);
INSERT INTO soiree VALUES (10,'Rennes','2019-10-12',5,'ber450',43);
INSERT INTO soiree VALUES (11,'Bordeaux','2017-3-15',8,'cha601',20);
INSERT INTO soiree VALUES (12,'Bordeaux','2017-4-19',9,'fra504',35);
INSERT INTO soiree VALUES (13,'Angers','2017-11-13',12,'cha601',75);
INSERT INTO soiree VALUES (14,'Marseille','2018-5-25',4,'clé505',86);
INSERT INTO soiree VALUES (15,'Orléans','2016-10-19',10,'dyl114',51);
INSERT INTO soiree VALUES (16,'Le Mans','2019-4-1',6,'lis343',74);
INSERT INTO soiree VALUES (17,'Lyon','2016-5-20',0,'axe947',98);
INSERT INTO soiree VALUES (18,'Amiens','2017-11-3',9,'ber450',41);
INSERT INTO soiree VALUES (19,'Le Mans','2018-11-9',9,'maë142',57);
INSERT INTO soiree VALUES (20,'Le Mans','2018-8-15',9,'lau991',79);
INSERT INTO soiree VALUES (21,'Limoges','2019-3-20',2,'sol474',23);
INSERT INTO soiree VALUES (22,'Rennes','2016-1-21',0,'sol474',56);
INSERT INTO soiree VALUES (23,'Caen','2018-9-14',15,'myl258',51);
INSERT INTO soiree VALUES (24,'Annecy','2018-9-23',2,'vic471',50);
INSERT INTO soiree VALUES (25,'Orléans','2018-6-9',3,'maë142',13);
INSERT INTO soiree VALUES (26,'Lille','2019-9-21',6,'axe947',40);
INSERT INTO soiree VALUES (27,'Nancy','2018-9-16',5,'cha120',66);
INSERT INTO soiree VALUES (28,'Marseille','2017-10-26',12,'cha601',59);
INSERT INTO soiree VALUES (29,'Limoges','2017-3-6',12,'sol474',79);
INSERT INTO soiree VALUES (30,'Angers','2019-7-14',11,'clé505',51);
INSERT INTO soiree VALUES (31,'Grenoble','2016-9-23',13,'béa735',57);
INSERT INTO soiree VALUES (32,'Dijon','2016-7-17',6,'lau991',72);
INSERT INTO soiree VALUES (33,'Lyon','2017-9-16',2,'dap297',96);
INSERT INTO soiree VALUES (34,'Grenoble','2016-1-3',4,'aga288',89);
INSERT INTO soiree VALUES (35,'Saint-Etienne','2018-5-24',8,'aga288',13);
INSERT INTO soiree VALUES (36,'Tours','2016-6-24',2,'hug662',92);
INSERT INTO soiree VALUES (37,'Le Havre','2019-5-2',10,'den358',99);
INSERT INTO soiree VALUES (38,'Amiens','2016-11-28',5,'lau991',51);
INSERT INTO soiree VALUES (39,'Metz','2019-4-23',15,'gas51',60);
INSERT INTO soiree VALUES (40,'Le Mans','2019-6-27',7,'dyl394',29);
INSERT INTO soiree VALUES (41,'Biarritz','2016-3-26',2,'ber704',87);
INSERT INTO soiree VALUES (42,'Lille','2019-7-15',6,'eli55',39);
INSERT INTO soiree VALUES (43,'Tours','2017-4-9',10,'cla553',83);
INSERT INTO soiree VALUES (44,'Paris','2017-11-18',1,'thé588',15);
INSERT INTO soiree VALUES (45,'Belfort','2016-6-18',13,'aga288',98);
INSERT INTO soiree VALUES (46,'Saint-Etienne','2017-11-14',5,'cla553',74);
INSERT INTO soiree VALUES (47,'Strasbourg','2017-5-21',5,'béa735',75);
INSERT INTO soiree VALUES (48,'Nantes','2019-2-19',14,'myl258',96);
INSERT INTO soiree VALUES (49,'Annecy','2018-5-20',13,'eli55',17);
INSERT INTO soiree VALUES (50,'Amiens','2018-3-26',13,'dyl394',25);
INSERT INTO soiree VALUES (51,'Paris','2017-5-8',8,'vir912',81);
INSERT INTO soiree VALUES (52,'Strasbourg','2018-9-16',10,'ber450',32);
INSERT INTO soiree VALUES (53,'Toulouse','2018-11-16',13,'dap297',18);
INSERT INTO soiree VALUES (54,'Belfort','2018-6-28',11,'ste728',71);
INSERT INTO soiree VALUES (55,'Lille','2016-10-9',9,'den358',19);
INSERT INTO soiree VALUES (56,'Lyon','2019-12-14',0,'hug662',66);
INSERT INTO soiree VALUES (57,'Tours','2018-12-24',8,'clé505',93);
INSERT INTO soiree VALUES (58,'Limoges','2018-5-3',15,'fra504',17);
INSERT INTO soiree VALUES (59,'Tours','2017-2-26',1,'maë142',30);


---Filling table participe:
INSERT INTO participe VALUES (0,'adè460','princesse');
INSERT INTO participe VALUES (0,'dim655','Lex Luthor');
INSERT INTO participe VALUES (0,'aga558','Aurore');
INSERT INTO participe VALUES (0,'ton19','bandit');
INSERT INTO participe VALUES (0,'gin986','cowboy');
INSERT INTO participe VALUES (0,'flo659','Clochette');
INSERT INTO participe VALUES (0,'thé386','Gandalf');
INSERT INTO participe VALUES (0,'léo624','Luke');
INSERT INTO participe VALUES (0,'eth760','Aragorn');
INSERT INTO participe VALUES (0,'man747','Rey');
INSERT INTO participe VALUES (0,'ger796','Iron Man');
INSERT INTO participe VALUES (0,'tar396','alien');
INSERT INTO participe VALUES (0,'fré892','Double-face');
INSERT INTO participe VALUES (0,'clé228','ninja');
INSERT INTO participe VALUES (0,'ama995','Cendrillon');
INSERT INTO participe VALUES (0,'clé86','ange');
INSERT INTO participe VALUES (0,'arm208','nain');
INSERT INTO participe VALUES (0,'ala316','Frodon');
INSERT INTO participe VALUES (0,'mar431','Alyx Vance');
INSERT INTO participe VALUES (0,'ren820','');
INSERT INTO participe VALUES (0,'ant534','Sephiroth');
INSERT INTO participe VALUES (0,'cor109','Harley Quinn');
INSERT INTO participe VALUES (0,'mam284','Obelix');
INSERT INTO participe VALUES (0,'fab405','Cloud Strife');
INSERT INTO participe VALUES (0,'irè194','Arwen');
INSERT INTO participe VALUES (0,'lam921','Gandalf');
INSERT INTO participe VALUES (0,'ond310','princesse');
INSERT INTO participe VALUES (0,'vér874','Samus Aran');
INSERT INTO participe VALUES (0,'thé737','');
INSERT INTO participe VALUES (0,'flo128','lapin');
INSERT INTO participe VALUES (0,'bru229','Thrall');
INSERT INTO participe VALUES (0,'aga730','Poison Ivy');
INSERT INTO participe VALUES (0,'sté886','sorcière');
INSERT INTO participe VALUES (0,'xav122','Merlin');
INSERT INTO participe VALUES (0,'vic586','Sephiroth');
INSERT INTO participe VALUES (0,'nic526','Obelix');
INSERT INTO participe VALUES (0,'gré416','Tintin');
INSERT INTO participe VALUES (0,'oma977','Sephiroth');
INSERT INTO participe VALUES (0,'thi552','Iron Man');
INSERT INTO participe VALUES (0,'yar858','citrouille');
INSERT INTO participe VALUES (0,'mar80','Aurore');
INSERT INTO participe VALUES (0,'art547','Luke');
INSERT INTO participe VALUES (0,'mar787','Joker');
INSERT INTO participe VALUES (0,'san897','Katniss');
INSERT INTO participe VALUES (0,'art561','alien');
INSERT INTO participe VALUES (0,'max21','magicien');
INSERT INTO participe VALUES (0,'joh965','Sephiroth');
INSERT INTO participe VALUES (0,'ibr152','ninja');
INSERT INTO participe VALUES (0,'nin447','cowboy');
INSERT INTO participe VALUES (0,'lae59','Alyx Vance');
INSERT INTO participe VALUES (0,'sol474','Samus Aran');
INSERT INTO participe VALUES (0,'ric775','Tintin');
INSERT INTO participe VALUES (0,'aga71','astronaute');
INSERT INTO participe VALUES (0,'emi824','agent secret');
INSERT INTO participe VALUES (0,'mel217','minion');
INSERT INTO participe VALUES (0,'eve987','nain');
INSERT INTO participe VALUES (0,'ger252','ninja');
INSERT INTO participe VALUES (0,'joh640','zombie');
INSERT INTO participe VALUES (0,'mar166','Samus Aran');
INSERT INTO participe VALUES (0,'gui381','Sonic');
INSERT INTO participe VALUES (0,'nat508','citrouille');
INSERT INTO participe VALUES (0,'ale736','vampire');
INSERT INTO participe VALUES (1,'sop887','zombie');
INSERT INTO participe VALUES (1,'col429','zombie');
INSERT INTO participe VALUES (1,'ger537','zombie');
INSERT INTO participe VALUES (1,'luc651','zombie');
INSERT INTO participe VALUES (1,'nin784','zombie');
INSERT INTO participe VALUES (1,'dia869','');
INSERT INTO participe VALUES (1,'yan347','zombie');
INSERT INTO participe VALUES (1,'elo31','zombie');
INSERT INTO participe VALUES (1,'pas913','zombie');
INSERT INTO participe VALUES (1,'est52','zombie');
INSERT INTO participe VALUES (1,'eth2','zombie');
INSERT INTO participe VALUES (1,'fle579','zombie');
INSERT INTO participe VALUES (1,'jea953','zombie');
INSERT INTO participe VALUES (1,'sam249','zombie');
INSERT INTO participe VALUES (1,'cha223','zombie');
INSERT INTO participe VALUES (1,'yar603','zombie');
INSERT INTO participe VALUES (1,'uly725','');
INSERT INTO participe VALUES (1,'sam233','zombie');
INSERT INTO participe VALUES (1,'her129','zombie');
INSERT INTO participe VALUES (1,'loï214','zombie');
INSERT INTO participe VALUES (1,'bén933','zombie');
INSERT INTO participe VALUES (1,'dim514','zombie');
INSERT INTO participe VALUES (1,'mél16','zombie');
INSERT INTO participe VALUES (1,'viv486','zombie');
INSERT INTO participe VALUES (1,'nat535','zombie');
INSERT INTO participe VALUES (1,'rom610','');
INSERT INTO participe VALUES (1,'jér224','zombie');
INSERT INTO participe VALUES (1,'lud239','zombie');
INSERT INTO participe VALUES (1,'dyl394','');
INSERT INTO participe VALUES (1,'chr840','zombie');
INSERT INTO participe VALUES (1,'eth20','');
INSERT INTO participe VALUES (1,'jul871','zombie');
INSERT INTO participe VALUES (1,'jor58','zombie');
INSERT INTO participe VALUES (1,'val180','zombie');
INSERT INTO participe VALUES (1,'gin821','zombie');
INSERT INTO participe VALUES (1,'cha82','');
INSERT INTO participe VALUES (1,'cor445','zombie');
INSERT INTO participe VALUES (1,'san897','');
INSERT INTO participe VALUES (1,'glo305','zombie');
INSERT INTO participe VALUES (1,'jul384','zombie');
INSERT INTO participe VALUES (1,'yar858','zombie');
INSERT INTO participe VALUES (1,'cyn731','zombie');
INSERT INTO participe VALUES (1,'gas585','zombie');
INSERT INTO participe VALUES (1,'uly652','zombie');
INSERT INTO participe VALUES (1,'iph174','zombie');
INSERT INTO participe VALUES (1,'hen885','zombie');
INSERT INTO participe VALUES (1,'ton83','zombie');
INSERT INTO participe VALUES (2,'sam623','citrouille');
INSERT INTO participe VALUES (2,'est52','ange');
INSERT INTO participe VALUES (2,'mel257','soldat');
INSERT INTO participe VALUES (2,'les32','Peach');
INSERT INTO participe VALUES (2,'els203','zombie');
INSERT INTO participe VALUES (2,'ell697','Asterix');
INSERT INTO participe VALUES (2,'fra705','cowboy');
INSERT INTO participe VALUES (2,'chr187','Han Solo');
INSERT INTO participe VALUES (2,'flo38','Daenerys');
INSERT INTO participe VALUES (2,'son594','Clochette');
INSERT INTO participe VALUES (2,'ton83','XIII');
INSERT INTO participe VALUES (3,'est52','Arwen');
INSERT INTO participe VALUES (3,'bry815','Lex Luthor');
INSERT INTO participe VALUES (3,'vio764','Mulan');
INSERT INTO participe VALUES (3,'vit797','ange');
INSERT INTO participe VALUES (3,'béa766','policier');
INSERT INTO participe VALUES (3,'oct402','Superman');
INSERT INTO participe VALUES (3,'sté181','Superman');
INSERT INTO participe VALUES (3,'axe463','Frodon');
INSERT INTO participe VALUES (3,'dim655','Frankenstein');
INSERT INTO participe VALUES (3,'lei574','Peach');
INSERT INTO participe VALUES (3,'cri160','cowboy');
INSERT INTO participe VALUES (3,'les32','chevalier');
INSERT INTO participe VALUES (3,'lil994','Poison Ivy');
INSERT INTO participe VALUES (3,'mat629','Aragorn');
INSERT INTO participe VALUES (3,'jea684','agent secret');
INSERT INTO participe VALUES (3,'thé588','démon');
INSERT INTO participe VALUES (3,'vir312','Pikachu');
INSERT INTO participe VALUES (3,'lou395','Captain America');
INSERT INTO participe VALUES (3,'oli932','Cersei');
INSERT INTO participe VALUES (3,'jér701','ninja');
INSERT INTO participe VALUES (3,'amy582','ange');
INSERT INTO participe VALUES (3,'dom414','orc');
INSERT INTO participe VALUES (3,'chr187','pirate');
INSERT INTO participe VALUES (3,'eve192','Laureline');
INSERT INTO participe VALUES (3,'béa789','Blanche Neige');
INSERT INTO participe VALUES (3,'rod683','Kylo Ren');
INSERT INTO participe VALUES (3,'pru948','Bayonetta');
INSERT INTO participe VALUES (3,'inè76','Cendrillon');
INSERT INTO participe VALUES (3,'sam249','Sephiroth');
INSERT INTO participe VALUES (3,'rog983','minion');
INSERT INTO participe VALUES (3,'mat423','zombie');
INSERT INTO participe VALUES (3,'pri708','ninja');
INSERT INTO participe VALUES (3,'fra853','Mario');
INSERT INTO participe VALUES (3,'flo50','');
INSERT INTO participe VALUES (3,'bri320','agent secret');
INSERT INTO participe VALUES (3,'ant138','Kylo Ren');
INSERT INTO participe VALUES (3,'ash14','Kerrigan');
INSERT INTO participe VALUES (3,'cla553','démon');
INSERT INTO participe VALUES (3,'mou175','Spiderman');
INSERT INTO participe VALUES (3,'mel217','ange');
INSERT INTO participe VALUES (3,'aur620','Cersei');
INSERT INTO participe VALUES (3,'myl255','citrouille');
INSERT INTO participe VALUES (3,'aur596','ange');
INSERT INTO participe VALUES (3,'rom610','Spiderman');
INSERT INTO participe VALUES (3,'oma977','Kylo Ren');
INSERT INTO participe VALUES (3,'flo198','lutin');
INSERT INTO participe VALUES (3,'cha223','');
INSERT INTO participe VALUES (3,'yve875','Sephiroth');
INSERT INTO participe VALUES (3,'vio221','Catwoman');
INSERT INTO participe VALUES (3,'jea29','chevalier');
INSERT INTO participe VALUES (3,'pru308','lutin');
INSERT INTO participe VALUES (3,'est302','magicien');
INSERT INTO participe VALUES (3,'val11','Cloud Strife');
INSERT INTO participe VALUES (3,'ale847','magicien');
INSERT INTO participe VALUES (3,'ilh46','Link');
INSERT INTO participe VALUES (3,'den543','lutin');
INSERT INTO participe VALUES (3,'nat535','Catwoman');
INSERT INTO participe VALUES (3,'ann880','Lara Croft');
INSERT INTO participe VALUES (3,'flo94','pompier');
INSERT INTO participe VALUES (3,'her653','Mère Noël');
INSERT INTO participe VALUES (3,'sté823','Frodon');
INSERT INTO participe VALUES (3,'kar816','Prince Charmant');
INSERT INTO participe VALUES (3,'loï6','');
INSERT INTO participe VALUES (3,'bap945','Prince Charmant');
INSERT INTO participe VALUES (3,'aur212','schtroumpf');
INSERT INTO participe VALUES (3,'ant672','Arthas');
INSERT INTO participe VALUES (3,'cam410','Mario');
INSERT INTO participe VALUES (3,'hél210','bandit');
INSERT INTO participe VALUES (3,'chr780','Aragorn');
INSERT INTO participe VALUES (3,'mic509','fée');
INSERT INTO participe VALUES (4,'vir638','Batgirl');
INSERT INTO participe VALUES (4,'flo659','Catwoman');
INSERT INTO participe VALUES (4,'gui513','Tyrion Lannister');
INSERT INTO participe VALUES (4,'sop133','Zelda');
INSERT INTO participe VALUES (4,'sam934','épouvantail');
INSERT INTO participe VALUES (4,'jan637','Laureline');
INSERT INTO participe VALUES (4,'adè460','Lara Croft');
INSERT INTO participe VALUES (4,'nat506','Anna');
INSERT INTO participe VALUES (4,'jea29','Gordon Freeman');
INSERT INTO participe VALUES (4,'myl973','minion');
INSERT INTO participe VALUES (4,'bén933','Catwoman');
INSERT INTO participe VALUES (4,'adè722','Daenerys');
INSERT INTO participe VALUES (4,'léa419','Cersei');
INSERT INTO participe VALUES (4,'que990','Gordon Freeman');
INSERT INTO participe VALUES (4,'sév245','soldat');
INSERT INTO participe VALUES (5,'clé86','soldat');
INSERT INTO participe VALUES (5,'luc651','magicien');
INSERT INTO participe VALUES (5,'flo659','bandit');
INSERT INTO participe VALUES (5,'vio764','démon');
INSERT INTO participe VALUES (5,'elé522','fée');
INSERT INTO participe VALUES (5,'eti563','nain');
INSERT INTO participe VALUES (5,'car964','Daenerys');
INSERT INTO participe VALUES (5,'cha982','lutin');
INSERT INTO participe VALUES (5,'lil957','Catwoman');
INSERT INTO participe VALUES (5,'syl703','Han Solo');
INSERT INTO participe VALUES (5,'dia869','astronaute');
INSERT INTO participe VALUES (5,'eli920','Laureline');
INSERT INTO participe VALUES (5,'viv486','policier');
INSERT INTO participe VALUES (5,'max454','Lex Luthor');
INSERT INTO participe VALUES (5,'aud35','policier');
INSERT INTO participe VALUES (5,'dap482','dragon');
INSERT INTO participe VALUES (5,'dim318','elfe');
INSERT INTO participe VALUES (5,'cha87','Elsa');
INSERT INTO participe VALUES (5,'viv836','lutin');
INSERT INTO participe VALUES (5,'sop237','bandit');
INSERT INTO participe VALUES (5,'val216','Rey');
INSERT INTO participe VALUES (5,'thi552','nain');
INSERT INTO participe VALUES (5,'adr699','Gaston Lagaffe');
INSERT INTO participe VALUES (5,'nes185','Kerrigan');
INSERT INTO participe VALUES (5,'aud168','samouraï');
INSERT INTO participe VALUES (5,'yan373','dragon');
INSERT INTO participe VALUES (5,'agn628','fée');
INSERT INTO participe VALUES (5,'vin165','pompier');
INSERT INTO participe VALUES (5,'vic471','alien');
INSERT INTO participe VALUES (5,'eli435','Clochette');
INSERT INTO participe VALUES (5,'rap342','Catwoman');
INSERT INTO participe VALUES (5,'odi15','Harley Quinn');
INSERT INTO participe VALUES (5,'ger519','Jon Snow');
INSERT INTO participe VALUES (5,'mar80','Alice');
INSERT INTO participe VALUES (5,'cor109','alien');
INSERT INTO participe VALUES (5,'rod898','magicien');
INSERT INTO participe VALUES (5,'béa196','chevalier');
INSERT INTO participe VALUES (5,'aur54','Cersei');
INSERT INTO participe VALUES (5,'vic289','nain');
INSERT INTO participe VALUES (5,'glo283','Peach');
INSERT INTO participe VALUES (5,'lud713','Arthas');
INSERT INTO participe VALUES (5,'jac357','Gaston Lagaffe');
INSERT INTO participe VALUES (5,'jea69','XIII');
INSERT INTO participe VALUES (6,'tom417','policier');
INSERT INTO participe VALUES (6,'lis502','vampire');
INSERT INTO participe VALUES (6,'eve987','policier');
INSERT INTO participe VALUES (6,'ros707','chevalier');
INSERT INTO participe VALUES (6,'gas585','Indiana Jones');
INSERT INTO participe VALUES (6,'max575','ninja');
INSERT INTO participe VALUES (6,'jea953','Frankenstein');
INSERT INTO participe VALUES (6,'hub851','Merlin');
INSERT INTO participe VALUES (6,'emi923','Père Noël');
INSERT INTO participe VALUES (6,'lud239','Darth Vader');
INSERT INTO participe VALUES (6,'tal247','fantôme');
INSERT INTO participe VALUES (6,'yoh491','démon');
INSERT INTO participe VALUES (6,'den358','minion');
INSERT INTO participe VALUES (6,'hél210','démon');
INSERT INTO participe VALUES (6,'aud35','pompier');
INSERT INTO participe VALUES (6,'jor478','nain');
INSERT INTO participe VALUES (6,'yas767','Cloud Strife');
INSERT INTO participe VALUES (6,'val171','Alice');
INSERT INTO participe VALUES (6,'iph850','elfe');
INSERT INTO participe VALUES (6,'aur516','Poison Ivy');
INSERT INTO participe VALUES (6,'ilh46','pirate');
INSERT INTO participe VALUES (6,'thé588','schtroumpf');
INSERT INTO participe VALUES (6,'ond43','Arwen');
INSERT INTO participe VALUES (6,'art547','Superman');
INSERT INTO participe VALUES (6,'maë142','Mère Noël');
INSERT INTO participe VALUES (6,'jac357','lapin');
INSERT INTO participe VALUES (6,'fle579','Lara Croft');
INSERT INTO participe VALUES (6,'rha687','Elsa');
INSERT INTO participe VALUES (6,'mar453','Indiana Jones');
INSERT INTO participe VALUES (6,'fau63','Sylvanas');
INSERT INTO participe VALUES (6,'sop323','fée');
INSERT INTO participe VALUES (6,'ala732','Pikachu');
INSERT INTO participe VALUES (6,'cyr387','lutin');
INSERT INTO participe VALUES (6,'séb66','Iron Man');
INSERT INTO participe VALUES (7,'sté181','Kylo Ren');
INSERT INTO participe VALUES (7,'bar93','pompier');
INSERT INTO participe VALUES (7,'rha687','Mère Noël');
INSERT INTO participe VALUES (7,'mar34','astronaute');
INSERT INTO participe VALUES (7,'wil487','citrouille');
INSERT INTO participe VALUES (7,'moh462','Joker');
INSERT INTO participe VALUES (7,'pas261','Daenerys');
INSERT INTO participe VALUES (7,'dom876','Frodon');
INSERT INTO participe VALUES (7,'cor445','Sylvanas');
INSERT INTO participe VALUES (7,'glo85','soldat');
INSERT INTO participe VALUES (7,'val745','épouvantail');
INSERT INTO participe VALUES (7,'dam925','Arthas');
INSERT INTO participe VALUES (7,'you857','nain');
INSERT INTO participe VALUES (7,'bru282','démon');
INSERT INTO participe VALUES (7,'zac244','Asterix');
INSERT INTO participe VALUES (7,'ant938','Asterix');
INSERT INTO participe VALUES (7,'yoh397','Superman');
INSERT INTO participe VALUES (7,'lud713','Darth Vader');
INSERT INTO participe VALUES (7,'aur706','orc');
INSERT INTO participe VALUES (7,'yve379','Merlin');
INSERT INTO participe VALUES (7,'moh26','Asterix');
INSERT INTO participe VALUES (7,'luc651','Valerian');
INSERT INTO participe VALUES (7,'sol290','schtroumpf');
INSERT INTO participe VALUES (7,'nat535','Buffy');
INSERT INTO participe VALUES (7,'mar711','agent secret');
INSERT INTO participe VALUES (7,'mar822','Prince Charmant');
INSERT INTO participe VALUES (7,'san112','pirate');
INSERT INTO participe VALUES (7,'isa942','Poison Ivy');
INSERT INTO participe VALUES (7,'ant632','bandit');
INSERT INTO participe VALUES (7,'rod683','Kylo Ren');
INSERT INTO participe VALUES (7,'maë296','');
INSERT INTO participe VALUES (8,'kar816','ange');
INSERT INTO participe VALUES (8,'ste969','Père Noël');
INSERT INTO participe VALUES (8,'ond310','sirène');
INSERT INTO participe VALUES (8,'que589','Spiderman');
INSERT INTO participe VALUES (8,'thé386','Merlin');
INSERT INTO participe VALUES (8,'emi319','Indiana Jones');
INSERT INTO participe VALUES (8,'fle579','agent secret');
INSERT INTO participe VALUES (8,'man564','Lara Croft');
INSERT INTO participe VALUES (8,'dia367','Laureline');
INSERT INTO participe VALUES (8,'aur919','schtroumpf');
INSERT INTO participe VALUES (8,'chr501','Peach');
INSERT INTO participe VALUES (8,'eli920','Peach');
INSERT INTO participe VALUES (8,'dia518','Lara Croft');
INSERT INTO participe VALUES (8,'sév332','zombie');
INSERT INTO participe VALUES (8,'flo834','Kerrigan');
INSERT INTO participe VALUES (8,'rom470','Batman');
INSERT INTO participe VALUES (8,'cél264','astronaute');
INSERT INTO participe VALUES (8,'vér733','Daenerys');
INSERT INTO participe VALUES (8,'hec700','Pikachu');
INSERT INTO participe VALUES (8,'sam658','vampire');
INSERT INTO participe VALUES (8,'mar404','ange');
INSERT INTO participe VALUES (8,'fau517','Clochette');
INSERT INTO participe VALUES (8,'uly236','lapin');
INSERT INTO participe VALUES (8,'bén933','zombie');
INSERT INTO participe VALUES (8,'ros177','Clochette');
INSERT INTO participe VALUES (8,'her653','schtroumpf');
INSERT INTO participe VALUES (8,'chr523','alien');
INSERT INTO participe VALUES (8,'tar321','minion');
INSERT INTO participe VALUES (8,'jos162','Joker');
INSERT INTO participe VALUES (8,'odi927','zombie');
INSERT INTO participe VALUES (8,'ste728','dragon');
INSERT INTO participe VALUES (8,'col429','épouvantail');
INSERT INTO participe VALUES (8,'nic235','soldat');
INSERT INTO participe VALUES (8,'moh205','Luigi');
INSERT INTO participe VALUES (8,'bla795','policier');
INSERT INTO participe VALUES (8,'sol290','fantôme');
INSERT INTO participe VALUES (8,'agn232','astronaute');
INSERT INTO participe VALUES (8,'cha120','Zelda');
INSERT INTO participe VALUES (8,'den872','chevalier');
INSERT INTO participe VALUES (8,'thé393','vampire');
INSERT INTO participe VALUES (8,'xav773','Mario');
INSERT INTO participe VALUES (8,'mar787','Han Solo');
INSERT INTO participe VALUES (8,'emi631','Daenerys');
INSERT INTO participe VALUES (8,'sop237','épouvantail');
INSERT INTO participe VALUES (9,'gaë580','dragon');
INSERT INTO participe VALUES (9,'bri979','indien');
INSERT INTO participe VALUES (9,'luc941','Alice');
INSERT INTO participe VALUES (9,'nic526','Batman');
INSERT INTO participe VALUES (9,'zoé627','cowboy');
INSERT INTO participe VALUES (9,'loï442','Batman');
INSERT INTO participe VALUES (9,'elé12','Elsa');
INSERT INTO participe VALUES (9,'sté726','vampire');
INSERT INTO participe VALUES (9,'flo421','schtroumpf');
INSERT INTO participe VALUES (9,'thé386','démon');
INSERT INTO participe VALUES (9,'pab324','chevalier');
INSERT INTO participe VALUES (9,'yar273','dragon');
INSERT INTO participe VALUES (9,'mam924','Père Noël');
INSERT INTO participe VALUES (9,'vin569','Lex Luthor');
INSERT INTO participe VALUES (9,'vin691','Frankenstein');
INSERT INTO participe VALUES (9,'hec700','XIII');
INSERT INTO participe VALUES (9,'dom101','Daenerys');
INSERT INTO participe VALUES (9,'syl997','Captain America');
INSERT INTO participe VALUES (9,'que990','vampire');
INSERT INTO participe VALUES (9,'lis343','Lara Croft');
INSERT INTO participe VALUES (9,'rém406','Thrall');
INSERT INTO participe VALUES (9,'vir230','vampire');
INSERT INTO participe VALUES (9,'ala769','Darth Vader');
INSERT INTO participe VALUES (9,'vic471','soldat');
INSERT INTO participe VALUES (9,'joc253','Gandalf');
INSERT INTO participe VALUES (9,'clé814','lapin');
INSERT INTO participe VALUES (9,'ala690','Mario');
INSERT INTO participe VALUES (9,'car954','démon');
INSERT INTO participe VALUES (9,'léo774','Sephiroth');
INSERT INTO participe VALUES (9,'dom103','alien');
INSERT INTO participe VALUES (9,'océ786','alien');
INSERT INTO participe VALUES (9,'ton963','zombie');
INSERT INTO participe VALUES (9,'pat61','Merlin');
INSERT INTO participe VALUES (9,'chr304','Largo Winch');
INSERT INTO participe VALUES (9,'adè827','pompier');
INSERT INTO participe VALUES (9,'aur375','Mère Noël');
INSERT INTO participe VALUES (9,'myr841','Cersei');
INSERT INTO participe VALUES (9,'mar166','Katniss');
INSERT INTO participe VALUES (9,'hél210','Aurore');
INSERT INTO participe VALUES (9,'fra515','Katniss');
INSERT INTO participe VALUES (9,'eve987','cowboy');
INSERT INTO participe VALUES (9,'oli635','bandit');
INSERT INTO participe VALUES (9,'sam490','XIII');
INSERT INTO participe VALUES (9,'ant938','pirate');
INSERT INTO participe VALUES (9,'chr353','elfe');
INSERT INTO participe VALUES (9,'eve243','Zelda');
INSERT INTO participe VALUES (9,'irè300','nain');
INSERT INTO participe VALUES (9,'amé952','bandit');
INSERT INTO participe VALUES (9,'sam374','bandit');
INSERT INTO participe VALUES (9,'ibr62','Merlin');
INSERT INTO participe VALUES (9,'bén334','indien');
INSERT INTO participe VALUES (9,'clé228','lapin');
INSERT INTO participe VALUES (9,'cyn731','Leia');
INSERT INTO participe VALUES (9,'yar858','Daenerys');
INSERT INTO participe VALUES (9,'les759','alien');
INSERT INTO participe VALUES (9,'vic893','soldat');
INSERT INTO participe VALUES (9,'gab164','vampire');
INSERT INTO participe VALUES (9,'did531','Joker');
INSERT INTO participe VALUES (9,'gab838','lutin');
INSERT INTO participe VALUES (9,'man564','Aurore');
INSERT INTO participe VALUES (9,'emm130','nain');
INSERT INTO participe VALUES (9,'cha391','Tintin');
INSERT INTO participe VALUES (9,'del340','bandit');
INSERT INTO participe VALUES (9,'noé293','zombie');
INSERT INTO participe VALUES (9,'jac849','elfe');
INSERT INTO participe VALUES (9,'séb66','pompier');
INSERT INTO participe VALUES (9,'gab292','Gaston Lagaffe');
INSERT INTO participe VALUES (9,'myl255','Poison Ivy');
INSERT INTO participe VALUES (9,'yas962','sorcière');
INSERT INTO participe VALUES (9,'tan262','fée');
INSERT INTO participe VALUES (10,'jea953','Frankenstein');
INSERT INTO participe VALUES (10,'rom877','Laureline');
INSERT INTO participe VALUES (10,'thé688','Cloud Strife');
INSERT INTO participe VALUES (10,'moh679','astronaute');
INSERT INTO participe VALUES (10,'irè300','Batgirl');
INSERT INTO participe VALUES (10,'nat535','Blanche Neige');
INSERT INTO participe VALUES (10,'elo978','Cersei');
INSERT INTO participe VALUES (10,'max956','Superman');
INSERT INTO participe VALUES (10,'geo485','Batman');
INSERT INTO participe VALUES (10,'cor268','Catwoman');
INSERT INTO participe VALUES (10,'den437','princesse');
INSERT INTO participe VALUES (10,'yas767','Luigi');
INSERT INTO participe VALUES (10,'ste315','Luke');
INSERT INTO participe VALUES (10,'myl255','Maléfique');
INSERT INTO participe VALUES (10,'sév507','cowboy');
INSERT INTO participe VALUES (10,'adè460','Bayonetta');
INSERT INTO participe VALUES (10,'emi923','Obelix');
INSERT INTO participe VALUES (10,'man622','Arwen');
INSERT INTO participe VALUES (10,'val216','vampire');
INSERT INTO participe VALUES (10,'ant825','chevalier');
INSERT INTO participe VALUES (10,'wal269','Sephiroth');
INSERT INTO participe VALUES (10,'joh636','cowboy');
INSERT INTO participe VALUES (10,'glo305','Samus Aran');
INSERT INTO participe VALUES (10,'vic586','Indiana Jones');
INSERT INTO participe VALUES (10,'lud99','Link');
INSERT INTO participe VALUES (10,'est52','Alyx Vance');
INSERT INTO participe VALUES (10,'cha120','Elsa');
INSERT INTO participe VALUES (10,'hec700','dragon');
INSERT INTO participe VALUES (10,'tal247','Clochette');
INSERT INTO participe VALUES (10,'iph850','ange');
INSERT INTO participe VALUES (10,'mar311','épouvantail');
INSERT INTO participe VALUES (10,'flo50','ninja');
INSERT INTO participe VALUES (10,'pab74','bandit');
INSERT INTO participe VALUES (10,'hec702','Largo Winch');
INSERT INTO participe VALUES (10,'sév245','Lara Croft');
INSERT INTO participe VALUES (10,'fau512','');
INSERT INTO participe VALUES (11,'luc401','épouvantail');
INSERT INTO participe VALUES (11,'gui154','Père Noël');
INSERT INTO participe VALUES (11,'océ970','Peach');
INSERT INTO participe VALUES (11,'gas812','Indiana Jones');
INSERT INTO participe VALUES (11,'flo421','citrouille');
INSERT INTO participe VALUES (11,'jac9','Superman');
INSERT INTO participe VALUES (11,'clé86','Tyrion Lannister');
INSERT INTO participe VALUES (11,'bén676','Bayonetta');
INSERT INTO participe VALUES (11,'thé694','Batman');
INSERT INTO participe VALUES (11,'max388','indien');
INSERT INTO participe VALUES (11,'pas455','Peach');
INSERT INTO participe VALUES (11,'max21','samouraï');
INSERT INTO participe VALUES (11,'nat506','Katniss');
INSERT INTO participe VALUES (11,'lis360','Katniss');
INSERT INTO participe VALUES (11,'rog89','Jon Snow');
INSERT INTO participe VALUES (11,'myr841','Rey');
INSERT INTO participe VALUES (11,'aur620','bandit');
INSERT INTO participe VALUES (11,'ben440','Luke');
INSERT INTO participe VALUES (12,'jea785','vampire');
INSERT INTO participe VALUES (12,'axe947','Largo Winch');
INSERT INTO participe VALUES (12,'den872','Arwen');
INSERT INTO participe VALUES (12,'vin137','Thrall');
INSERT INTO participe VALUES (12,'mic926','chevalier');
INSERT INTO participe VALUES (12,'pén195','Alyx Vance');
INSERT INTO participe VALUES (12,'viv486','lutin');
INSERT INTO participe VALUES (12,'isa541','pirate');
INSERT INTO participe VALUES (12,'gui604','lapin');
INSERT INTO participe VALUES (12,'pri408','zombie');
INSERT INTO participe VALUES (12,'ala690','Iron Man');
INSERT INTO participe VALUES (12,'els203','sirène');
INSERT INTO participe VALUES (12,'dam925','Spiderman');
INSERT INTO participe VALUES (12,'cor109','lapin');
INSERT INTO participe VALUES (12,'san112','Laureline');
INSERT INTO participe VALUES (12,'rod974','Tyrion Lannister');
INSERT INTO participe VALUES (12,'van107','épouvantail');
INSERT INTO participe VALUES (12,'ric775','astronaute');
INSERT INTO participe VALUES (12,'lou902','Sonic');
INSERT INTO participe VALUES (12,'sus326','Samus Aran');
INSERT INTO participe VALUES (12,'luc651','Prince Charmant');
INSERT INTO participe VALUES (12,'lou202','Lex Luthor');
INSERT INTO participe VALUES (12,'pat529','Sephiroth');
INSERT INTO participe VALUES (12,'emm64','soldat');
INSERT INTO participe VALUES (12,'cla553','Anna');
INSERT INTO participe VALUES (12,'bén334','sirène');
INSERT INTO participe VALUES (12,'bla427','pompier');
INSERT INTO participe VALUES (12,'elé434','Maléfique');
INSERT INTO participe VALUES (12,'vir312','sorcière');
INSERT INTO participe VALUES (12,'mar34','princesse');
INSERT INTO participe VALUES (12,'tar321','Zelda');
INSERT INTO participe VALUES (12,'den40','magicien');
INSERT INTO participe VALUES (12,'ale736','chevalier');
INSERT INTO participe VALUES (12,'vio764','Elsa');
INSERT INTO participe VALUES (13,'mic497','');
INSERT INTO participe VALUES (13,'clé505','vampire');
INSERT INTO participe VALUES (13,'noé226','');
INSERT INTO participe VALUES (13,'lae996','');
INSERT INTO participe VALUES (13,'océ322','vampire');
INSERT INTO participe VALUES (13,'jér270','');
INSERT INTO participe VALUES (13,'chr503','');
INSERT INTO participe VALUES (13,'jes984','vampire');
INSERT INTO participe VALUES (13,'sop452','vampire');
INSERT INTO participe VALUES (13,'mou8','vampire');
INSERT INTO participe VALUES (13,'fré892','vampire');
INSERT INTO participe VALUES (13,'amy582','vampire');
INSERT INTO participe VALUES (13,'bry903','vampire');
INSERT INTO participe VALUES (13,'nin447','vampire');
INSERT INTO participe VALUES (13,'mic960','vampire');
INSERT INTO participe VALUES (13,'dam925','');
INSERT INTO participe VALUES (13,'léo758','');
INSERT INTO participe VALUES (13,'mic92','vampire');
INSERT INTO participe VALUES (13,'fle105','vampire');
INSERT INTO participe VALUES (13,'chr780','vampire');
INSERT INTO participe VALUES (13,'sam614','');
INSERT INTO participe VALUES (13,'bry654','vampire');
INSERT INTO participe VALUES (13,'oph179','');
INSERT INTO participe VALUES (13,'cam341','vampire');
INSERT INTO participe VALUES (13,'vit797','');
INSERT INTO participe VALUES (13,'lou395','vampire');
INSERT INTO participe VALUES (13,'moh679','vampire');
INSERT INTO participe VALUES (13,'tan262','');
INSERT INTO participe VALUES (13,'ste740','vampire');
INSERT INTO participe VALUES (13,'léo624','vampire');
INSERT INTO participe VALUES (13,'oph259','');
INSERT INTO participe VALUES (13,'vic587','vampire');
INSERT INTO participe VALUES (13,'lou461','vampire');
INSERT INTO participe VALUES (13,'léo520','vampire');
INSERT INTO participe VALUES (13,'rod898','vampire');
INSERT INTO participe VALUES (13,'nic681','vampire');
INSERT INTO participe VALUES (13,'jes335','vampire');
INSERT INTO participe VALUES (13,'ali151','vampire');
INSERT INTO participe VALUES (13,'iph174','vampire');
INSERT INTO participe VALUES (13,'mel257','vampire');
INSERT INTO participe VALUES (13,'pas750','');
INSERT INTO participe VALUES (13,'loï214','vampire');
INSERT INTO participe VALUES (13,'tim680','vampire');
INSERT INTO participe VALUES (13,'séb344','vampire');
INSERT INTO participe VALUES (13,'céc900','vampire');
INSERT INTO participe VALUES (13,'tar396','vampire');
INSERT INTO participe VALUES (13,'bru832','vampire');
INSERT INTO participe VALUES (13,'hug810','vampire');
INSERT INTO participe VALUES (13,'sab240','vampire');
INSERT INTO participe VALUES (13,'dom876','vampire');
INSERT INTO participe VALUES (13,'arn256','vampire');
INSERT INTO participe VALUES (13,'ash456','vampire');
INSERT INTO participe VALUES (13,'amé241','vampire');
INSERT INTO participe VALUES (13,'den40','vampire');
INSERT INTO participe VALUES (13,'mar453','vampire');
INSERT INTO participe VALUES (13,'lou902','vampire');
INSERT INTO participe VALUES (13,'zoé616','vampire');
INSERT INTO participe VALUES (13,'gui132','vampire');
INSERT INTO participe VALUES (13,'del340','');
INSERT INTO participe VALUES (13,'cyr712','vampire');
INSERT INTO participe VALUES (13,'myr826','vampire');
INSERT INTO participe VALUES (13,'ibr62','vampire');
INSERT INTO participe VALUES (13,'sim727','vampire');
INSERT INTO participe VALUES (13,'lou583','vampire');
INSERT INTO participe VALUES (13,'myl255','');
INSERT INTO participe VALUES (14,'clé350','sirène');
INSERT INTO participe VALUES (14,'rog665','Sonic');
INSERT INTO participe VALUES (14,'sop988','Blanche Neige');
INSERT INTO participe VALUES (14,'aur516','nain');
INSERT INTO participe VALUES (14,'els213','magicien');
INSERT INTO participe VALUES (14,'geo485','Père Noël');
INSERT INTO participe VALUES (14,'chr907','Asterix');
INSERT INTO participe VALUES (14,'rom279','Gandalf');
INSERT INTO participe VALUES (14,'myl861','Anna');
INSERT INTO participe VALUES (14,'isa541','sirène');
INSERT INTO participe VALUES (14,'agn935','Alyx Vance');
INSERT INTO participe VALUES (14,'viv836','Prince Charmant');
INSERT INTO participe VALUES (14,'rém406','minion');
INSERT INTO participe VALUES (14,'thé688','Sephiroth');
INSERT INTO participe VALUES (14,'dom103','Indiana Jones');
INSERT INTO participe VALUES (14,'nat744','Kylo Ren');
INSERT INTO participe VALUES (14,'béa735','dragon');
INSERT INTO participe VALUES (14,'cél264','Elsa');
INSERT INTO participe VALUES (14,'ond43','Clochette');
INSERT INTO participe VALUES (14,'flo421','Asterix');
INSERT INTO participe VALUES (14,'arn256','indien');
INSERT INTO participe VALUES (14,'hub468','nain');
INSERT INTO participe VALUES (14,'syl971','vampire');
INSERT INTO participe VALUES (14,'flo659','Clochette');
INSERT INTO participe VALUES (14,'ant449','démon');
INSERT INTO participe VALUES (14,'tim680','démon');
INSERT INTO participe VALUES (14,'kar816','alien');
INSERT INTO participe VALUES (14,'cha87','Tifa Lockhart');
INSERT INTO participe VALUES (14,'aur706','cowboy');
INSERT INTO participe VALUES (14,'val745','Frodon');
INSERT INTO participe VALUES (14,'cor109','Daenerys');
INSERT INTO participe VALUES (14,'loï214','minion');
INSERT INTO participe VALUES (14,'lis207','Bayonetta');
INSERT INTO participe VALUES (14,'cyr351','magicien');
INSERT INTO participe VALUES (14,'bla795','samouraï');
INSERT INTO participe VALUES (14,'val171','Clochette');
INSERT INTO participe VALUES (14,'ang763','pirate');
INSERT INTO participe VALUES (14,'suz633','astronaute');
INSERT INTO participe VALUES (14,'bri320','Blanche Neige');
INSERT INTO participe VALUES (14,'cla553','Lara Croft');
INSERT INTO participe VALUES (14,'ton963','Link');
INSERT INTO participe VALUES (14,'flo783','Sonic');
INSERT INTO participe VALUES (14,'alp370','Valerian');
INSERT INTO participe VALUES (14,'yoh383','');
INSERT INTO participe VALUES (14,'tar17','agent secret');
INSERT INTO participe VALUES (14,'yan347','Sephiroth');
INSERT INTO participe VALUES (14,'lae59','cowboy');
INSERT INTO participe VALUES (14,'del340','Bayonetta');
INSERT INTO participe VALUES (14,'cha899','agent secret');
INSERT INTO participe VALUES (14,'elo978','');
INSERT INTO participe VALUES (14,'emm64','Rey');
INSERT INTO participe VALUES (14,'thi552','Gandalf');
INSERT INTO participe VALUES (14,'bén676','Lara Croft');
INSERT INTO participe VALUES (15,'jor717','vampire');
INSERT INTO participe VALUES (15,'zor602','');
INSERT INTO participe VALUES (15,'sop237','vampire');
INSERT INTO participe VALUES (15,'man747','vampire');
INSERT INTO participe VALUES (15,'aga558','vampire');
INSERT INTO participe VALUES (15,'lou461','vampire');
INSERT INTO participe VALUES (15,'rod974','vampire');
INSERT INTO participe VALUES (15,'emi923','vampire');
INSERT INTO participe VALUES (15,'jor910','vampire');
INSERT INTO participe VALUES (15,'est755','vampire');
INSERT INTO participe VALUES (15,'ros707','vampire');
INSERT INTO participe VALUES (15,'bru544','vampire');
INSERT INTO participe VALUES (15,'max956','vampire');
INSERT INTO participe VALUES (15,'loï6','vampire');
INSERT INTO participe VALUES (15,'loï568','vampire');
INSERT INTO participe VALUES (15,'bry654','vampire');
INSERT INTO participe VALUES (15,'cor673','vampire');
INSERT INTO participe VALUES (15,'emi49','');
INSERT INTO participe VALUES (15,'chr183','vampire');
INSERT INTO participe VALUES (15,'lis343','vampire');
INSERT INTO participe VALUES (15,'odi906','vampire');
INSERT INTO participe VALUES (15,'aur516','vampire');
INSERT INTO participe VALUES (15,'inè327','vampire');
INSERT INTO participe VALUES (15,'est302','vampire');
INSERT INTO participe VALUES (15,'sab806','vampire');
INSERT INTO participe VALUES (15,'que365','vampire');
INSERT INTO participe VALUES (15,'jod278','vampire');
INSERT INTO participe VALUES (15,'mou8','vampire');
INSERT INTO participe VALUES (15,'mic960','vampire');
INSERT INTO participe VALUES (15,'adè722','vampire');
INSERT INTO participe VALUES (15,'bas791','');
INSERT INTO participe VALUES (15,'lud751','vampire');
INSERT INTO participe VALUES (15,'urs811','vampire');
INSERT INTO participe VALUES (15,'mél265','');
INSERT INTO participe VALUES (15,'tom399','vampire');
INSERT INTO participe VALUES (15,'sam233','vampire');
INSERT INTO participe VALUES (15,'ber0','vampire');
INSERT INTO participe VALUES (15,'pat498','vampire');
INSERT INTO participe VALUES (16,'thé801','Lex Luthor');
INSERT INTO participe VALUES (16,'yar273','Kerrigan');
INSERT INTO participe VALUES (16,'sté726','James Bond');
INSERT INTO participe VALUES (16,'rog199','Captain America');
INSERT INTO participe VALUES (16,'jul246','Rey');
INSERT INTO participe VALUES (16,'ger218','');
INSERT INTO participe VALUES (16,'cha677','épouvantail');
INSERT INTO participe VALUES (16,'cri891','Samus Aran');
INSERT INTO participe VALUES (16,'tar415','ninja');
INSERT INTO participe VALUES (16,'kev13','Prince Charmant');
INSERT INTO participe VALUES (16,'jul420','Daenerys');
INSERT INTO participe VALUES (16,'tif944','Bayonetta');
INSERT INTO participe VALUES (16,'flo421','Thrall');
INSERT INTO participe VALUES (16,'béa766','Sylvanas');
INSERT INTO participe VALUES (16,'sév245','sirène');
INSERT INTO participe VALUES (16,'mic509','Zelda');
INSERT INTO participe VALUES (16,'eli75','lutin');
INSERT INTO participe VALUES (16,'pri708','bandit');
INSERT INTO participe VALUES (16,'dap297','ninja');
INSERT INTO participe VALUES (16,'bru282','zombie');
INSERT INTO participe VALUES (16,'que147','Kylo Ren');
INSERT INTO participe VALUES (16,'ant632','alien');
INSERT INTO participe VALUES (16,'ton963','Tintin');
INSERT INTO participe VALUES (16,'thé688','bandit');
INSERT INTO participe VALUES (16,'ale666','alien');
INSERT INTO participe VALUES (16,'emi356','pirate');
INSERT INTO participe VALUES (16,'den117','indien');
INSERT INTO participe VALUES (16,'nat508','chevalier');
INSERT INTO participe VALUES (16,'van56','Samus Aran');
INSERT INTO participe VALUES (16,'noé918','Alice');
INSERT INTO participe VALUES (16,'oli483','samouraï');
INSERT INTO participe VALUES (16,'eri248','indien');
INSERT INTO participe VALUES (16,'yve875','Valerian');
INSERT INTO participe VALUES (16,'vér733','nain');
INSERT INTO participe VALUES (16,'thé393','ninja');
INSERT INTO participe VALUES (16,'emm130','Batman');
INSERT INTO participe VALUES (16,'aur596','Bayonetta');
INSERT INTO participe VALUES (16,'bér206','Arwen');
INSERT INTO participe VALUES (16,'ama113','lapin');
INSERT INTO participe VALUES (16,'edo855','Frankenstein');
INSERT INTO participe VALUES (16,'eri143','ninja');
INSERT INTO participe VALUES (16,'nic590','Elsa');
INSERT INTO participe VALUES (16,'ant672','Merlin');
INSERT INTO participe VALUES (16,'mat757','chevalier');
INSERT INTO participe VALUES (16,'flo167','schtroumpf');
INSERT INTO participe VALUES (16,'den358','Cendrillon');
INSERT INTO participe VALUES (17,'léo624','Luigi');
INSERT INTO participe VALUES (17,'dap482','Cendrillon');
INSERT INTO participe VALUES (17,'gas47','');
INSERT INTO participe VALUES (17,'thi552','Luke');
INSERT INTO participe VALUES (17,'nor413','Spiderman');
INSERT INTO participe VALUES (17,'bén676','Batgirl');
INSERT INTO participe VALUES (17,'dim318','ange');
INSERT INTO participe VALUES (17,'moh205','Jon Snow');
INSERT INTO participe VALUES (17,'nat298','Lex Luthor');
INSERT INTO participe VALUES (17,'aur212','Superman');
INSERT INTO participe VALUES (17,'flo959','Sonic');
INSERT INTO participe VALUES (17,'cor268','citrouille');
INSERT INTO participe VALUES (17,'sté22','citrouille');
INSERT INTO participe VALUES (17,'chr187','samouraï');
INSERT INTO participe VALUES (17,'yar472','Bayonetta');
INSERT INTO participe VALUES (17,'sam374','pompier');
INSERT INTO participe VALUES (17,'hen609','Prince Charmant');
INSERT INTO participe VALUES (17,'tar321','Tifa Lockhart');
INSERT INTO participe VALUES (17,'eve254','fée');
INSERT INTO participe VALUES (17,'jea78','Iron Man');
INSERT INTO participe VALUES (17,'gas585','indien');
INSERT INTO participe VALUES (17,'jan637','Tifa Lockhart');
INSERT INTO participe VALUES (17,'tom399','cowboy');
INSERT INTO participe VALUES (17,'ala671','Asterix');
INSERT INTO participe VALUES (17,'eve192','Katniss');
INSERT INTO participe VALUES (17,'did531','Thrall');
INSERT INTO participe VALUES (17,'oph5','alien');
INSERT INTO participe VALUES (17,'océ467','ange');
INSERT INTO participe VALUES (17,'ben440','minion');
INSERT INTO participe VALUES (17,'jea785','Iron Man');
INSERT INTO participe VALUES (17,'zoé616','Arwen');
INSERT INTO participe VALUES (17,'mel217','Pikachu');
INSERT INTO participe VALUES (17,'léa915','citrouille');
INSERT INTO participe VALUES (17,'her653','pompier');
INSERT INTO participe VALUES (17,'mar411','indien');
INSERT INTO participe VALUES (17,'pru723','agent secret');
INSERT INTO participe VALUES (17,'eth102','Joker');
INSERT INTO participe VALUES (17,'aud127','lutin');
INSERT INTO participe VALUES (17,'cha677','magicien');
INSERT INTO participe VALUES (17,'art828','Frankenstein');
INSERT INTO participe VALUES (17,'sop133','ninja');
INSERT INTO participe VALUES (17,'ama113','Mulan');
INSERT INTO participe VALUES (17,'zac244','Aragorn');
INSERT INTO participe VALUES (17,'nic715','Pikachu');
INSERT INTO participe VALUES (17,'fél337','minion');
INSERT INTO participe VALUES (17,'ale686','minion');
INSERT INTO participe VALUES (17,'alp888','Largo Winch');
INSERT INTO participe VALUES (17,'dom414','Iron Man');
INSERT INTO participe VALUES (17,'eth2','soldat');
INSERT INTO participe VALUES (17,'vin457','elfe');
INSERT INTO participe VALUES (17,'vit473','magicien');
INSERT INTO participe VALUES (17,'oct664','Asterix');
INSERT INTO participe VALUES (17,'fré892','Valerian');
INSERT INTO participe VALUES (17,'lis189','pompier');
INSERT INTO participe VALUES (17,'xav122','vampire');
INSERT INTO participe VALUES (17,'lud846','XIII');
INSERT INTO participe VALUES (17,'aur172','sorcière');
INSERT INTO participe VALUES (17,'xav773','Luke');
INSERT INTO participe VALUES (17,'flo742','Cersei');
INSERT INTO participe VALUES (17,'aud1','vampire');
INSERT INTO participe VALUES (17,'hec550','lutin');
INSERT INTO participe VALUES (17,'myr841','Laureline');
INSERT INTO participe VALUES (17,'gas812','chevalier');
INSERT INTO participe VALUES (17,'fra853','Spiderman');
INSERT INTO participe VALUES (17,'cas909','Cendrillon');
INSERT INTO participe VALUES (17,'yan347','astronaute');
INSERT INTO participe VALUES (17,'cyr981','bandit');
INSERT INTO participe VALUES (17,'cha87','Alyx Vance');
INSERT INTO participe VALUES (17,'den407','elfe');
INSERT INTO participe VALUES (17,'aur620','elfe');
INSERT INTO participe VALUES (17,'agn628','Rey');
INSERT INTO participe VALUES (17,'mam284','Spiderman');
INSERT INTO participe VALUES (17,'vic471','Thrall');
INSERT INTO participe VALUES (17,'béa196','Tifa Lockhart');
INSERT INTO participe VALUES (17,'mar711','Pikachu');
INSERT INTO participe VALUES (17,'rap119','Link');
INSERT INTO participe VALUES (17,'lil994','princesse');
INSERT INTO participe VALUES (17,'adr830','Chapelier fou');
INSERT INTO participe VALUES (17,'wil487','Gaston Lagaffe');
INSERT INTO participe VALUES (17,'bas186','orc');
INSERT INTO participe VALUES (17,'hub422','magicien');
INSERT INTO participe VALUES (17,'rod898','schtroumpf');
INSERT INTO participe VALUES (17,'bla795','Batman');
INSERT INTO participe VALUES (17,'hub756','Kylo Ren');
INSERT INTO participe VALUES (17,'syl971','Cloud Strife');
INSERT INTO participe VALUES (17,'lei574','policier');
INSERT INTO participe VALUES (18,'con131','Katniss');
INSERT INTO participe VALUES (18,'dim432','Indiana Jones');
INSERT INTO participe VALUES (18,'gab292','Sonic');
INSERT INTO participe VALUES (18,'edo855','Tyrion Lannister');
INSERT INTO participe VALUES (18,'emm802','fée');
INSERT INTO participe VALUES (18,'ric775','fantôme');
INSERT INTO participe VALUES (18,'eth928','Père Noël');
INSERT INTO participe VALUES (18,'chr222','policier');
INSERT INTO participe VALUES (18,'jos572','Père Noël');
INSERT INTO participe VALUES (18,'océ970','bandit');
INSERT INTO participe VALUES (18,'pab493','Sephiroth');
INSERT INTO participe VALUES (18,'jér701','agent secret');
INSERT INTO participe VALUES (18,'ber450','ange');
INSERT INTO participe VALUES (18,'yar273','minion');
INSERT INTO participe VALUES (18,'bru438','Captain America');
INSERT INTO participe VALUES (18,'que458','Luigi');
INSERT INTO participe VALUES (18,'pab829','Tintin');
INSERT INTO participe VALUES (18,'hél210','Alice');
INSERT INTO participe VALUES (18,'nic590','Catwoman');
INSERT INTO participe VALUES (18,'adè722','pirate');
INSERT INTO participe VALUES (18,'man622','dragon');
INSERT INTO participe VALUES (18,'hec896','samouraï');
INSERT INTO participe VALUES (18,'mel346','Joker');
INSERT INTO participe VALUES (18,'den543','indien');
INSERT INTO participe VALUES (18,'syl163','sorcière');
INSERT INTO participe VALUES (18,'bla42','Katniss');
INSERT INTO participe VALUES (18,'viv486','Pikachu');
INSERT INTO participe VALUES (18,'chr862','Asterix');
INSERT INTO participe VALUES (18,'loï214','Mario');
INSERT INTO participe VALUES (18,'que147','Asterix');
INSERT INTO participe VALUES (18,'ren626','Frodon');
INSERT INTO participe VALUES (18,'rod974','Gaston Lagaffe');
INSERT INTO participe VALUES (18,'emm444','Gordon Freeman');
INSERT INTO participe VALUES (18,'gin986','Leia');
INSERT INTO participe VALUES (19,'jea578','zombie');
INSERT INTO participe VALUES (19,'dyl114','Frodon');
INSERT INTO participe VALUES (19,'tif944','pompier');
INSERT INTO participe VALUES (19,'van107','Cendrillon');
INSERT INTO participe VALUES (19,'rob98','Arthas');
INSERT INTO participe VALUES (19,'ang833','Alyx Vance');
INSERT INTO participe VALUES (19,'ilh46','Darth Vader');
INSERT INTO participe VALUES (19,'flo967','citrouille');
INSERT INTO participe VALUES (19,'ton19','orc');
INSERT INTO participe VALUES (19,'eli920','Buffy');
INSERT INTO participe VALUES (19,'cha87','Blanche Neige');
INSERT INTO participe VALUES (19,'vin457','nain');
INSERT INTO participe VALUES (19,'lou306','policier');
INSERT INTO participe VALUES (19,'chr734','Maléfique');
INSERT INTO participe VALUES (19,'mat757','nain');
INSERT INTO participe VALUES (19,'meh211','');
INSERT INTO participe VALUES (19,'dap266','vampire');
INSERT INTO participe VALUES (19,'jos572','Prince Charmant');
INSERT INTO participe VALUES (19,'ros197','Rey');
INSERT INTO participe VALUES (19,'ann868','Poison Ivy');
INSERT INTO participe VALUES (19,'cha895','Cendrillon');
INSERT INTO participe VALUES (19,'chr862','Mario');
INSERT INTO participe VALUES (19,'fau63','Clochette');
INSERT INTO participe VALUES (19,'nas771','indien');
INSERT INTO participe VALUES (19,'vin691','Thrall');
INSERT INTO participe VALUES (19,'oli808','Clochette');
INSERT INTO participe VALUES (19,'bru229','pompier');
INSERT INTO participe VALUES (19,'mat423','agent secret');
INSERT INTO participe VALUES (19,'luc401','James Bond');
INSERT INTO participe VALUES (19,'ger252','ninja');
INSERT INTO participe VALUES (19,'gas812','Indiana Jones');
INSERT INTO participe VALUES (19,'max454','Batman');
INSERT INTO participe VALUES (19,'nao540','alien');
INSERT INTO participe VALUES (19,'rom371','orc');
INSERT INTO participe VALUES (19,'oli336','Cendrillon');
INSERT INTO participe VALUES (19,'jor717','Valerian');
INSERT INTO participe VALUES (19,'ant632','dragon');
INSERT INTO participe VALUES (19,'sop452','elfe');
INSERT INTO participe VALUES (19,'thé560','Han Solo');
INSERT INTO participe VALUES (19,'mar453','citrouille');
INSERT INTO participe VALUES (20,'gin696','fantôme');
INSERT INTO participe VALUES (20,'cha391','Père Noël');
INSERT INTO participe VALUES (20,'col429','chevalier');
INSERT INTO participe VALUES (20,'irè194','Clochette');
INSERT INTO participe VALUES (20,'glo873','Sylvanas');
INSERT INTO participe VALUES (20,'jos943','astronaute');
INSERT INTO participe VALUES (20,'vér733','policier');
INSERT INTO participe VALUES (20,'cas88','Samus Aran');
INSERT INTO participe VALUES (20,'mat757','fantôme');
INSERT INTO participe VALUES (20,'car964','zombie');
INSERT INTO participe VALUES (20,'ric775','astronaute');
INSERT INTO participe VALUES (20,'lud713','chevalier');
INSERT INTO participe VALUES (20,'den465','Daenerys');
INSERT INTO participe VALUES (20,'hél210','schtroumpf');
INSERT INTO participe VALUES (20,'viv562','ninja');
INSERT INTO participe VALUES (20,'ber123','pompier');
INSERT INTO participe VALUES (20,'léo837','minion');
INSERT INTO participe VALUES (20,'thé863','Katniss');
INSERT INTO participe VALUES (20,'ali382','elfe');
INSERT INTO participe VALUES (20,'ben618','Frodon');
INSERT INTO participe VALUES (20,'luc941','elfe');
INSERT INTO participe VALUES (20,'dap482','nain');
INSERT INTO participe VALUES (20,'séb66','policier');
INSERT INTO participe VALUES (20,'you857','minion');
INSERT INTO participe VALUES (20,'bri459','vampire');
INSERT INTO participe VALUES (20,'chr780','dragon');
INSERT INTO participe VALUES (20,'san112','sirène');
INSERT INTO participe VALUES (20,'eth2','indien');
INSERT INTO participe VALUES (20,'myl861','Bayonetta');
INSERT INTO participe VALUES (20,'bla294','fantôme');
INSERT INTO participe VALUES (20,'dom234','Blanche Neige');
INSERT INTO participe VALUES (20,'thé560','Valerian');
INSERT INTO participe VALUES (20,'ant3','schtroumpf');
INSERT INTO participe VALUES (20,'mel217','Superman');
INSERT INTO participe VALUES (20,'eth362','Double-face');
INSERT INTO participe VALUES (20,'mar81','zombie');
INSERT INTO participe VALUES (20,'océ970','magicien');
INSERT INTO participe VALUES (20,'sam233','XIII');
INSERT INTO participe VALUES (20,'vin165','Luigi');
INSERT INTO participe VALUES (20,'pat498','Cloud Strife');
INSERT INTO participe VALUES (20,'cor400','policier');
INSERT INTO participe VALUES (20,'yar273','Bayonetta');
INSERT INTO participe VALUES (20,'edo855','Sonic');
INSERT INTO participe VALUES (20,'ann951','schtroumpf');
INSERT INTO participe VALUES (20,'adè460','Aurore');
INSERT INTO participe VALUES (20,'kev13','bandit');
INSERT INTO participe VALUES (20,'ale666','Kylo Ren');
INSERT INTO participe VALUES (20,'mar166','ange');
INSERT INTO participe VALUES (20,'ros433','Zelda');
INSERT INTO participe VALUES (21,'mar166','elfe');
INSERT INTO participe VALUES (21,'joh295','Iron Man');
INSERT INTO participe VALUES (21,'yas499','Daenerys');
INSERT INTO participe VALUES (21,'rém738','Luke');
INSERT INTO participe VALUES (21,'mau685','alien');
INSERT INTO participe VALUES (21,'cyn731','alien');
INSERT INTO participe VALUES (21,'jor717','Arthas');
INSERT INTO participe VALUES (21,'tar321','agent secret');
INSERT INTO participe VALUES (21,'mar884','lapin');
INSERT INTO participe VALUES (21,'emi631','');
INSERT INTO participe VALUES (21,'vio221','magicien');
INSERT INTO participe VALUES (21,'oct592','ninja');
INSERT INTO participe VALUES (21,'flo742','nain');
INSERT INTO participe VALUES (21,'ond310','Alice');
INSERT INTO participe VALUES (21,'inè76','');
INSERT INTO participe VALUES (21,'eri930','Pikachu');
INSERT INTO participe VALUES (21,'mat757','Clochette');
INSERT INTO participe VALUES (22,'ren619','ninja');
INSERT INTO participe VALUES (22,'hec550','pirate');
INSERT INTO participe VALUES (22,'san897','bandit');
INSERT INTO participe VALUES (22,'bry441','Frodon');
INSERT INTO participe VALUES (22,'gab839','bandit');
INSERT INTO participe VALUES (22,'syl313','Père Noël');
INSERT INTO participe VALUES (22,'nat298','Han Solo');
INSERT INTO participe VALUES (22,'cor445','sirène');
INSERT INTO participe VALUES (22,'man178','pirate');
INSERT INTO participe VALUES (22,'oli793','Anna');
INSERT INTO participe VALUES (22,'bri979','démon');
INSERT INTO participe VALUES (22,'bar93','zombie');
INSERT INTO participe VALUES (22,'tho778','Kylo Ren');
INSERT INTO participe VALUES (22,'yoh491','Gandalf');
INSERT INTO participe VALUES (22,'ben618','Frodon');
INSERT INTO participe VALUES (22,'les600','bandit');
INSERT INTO participe VALUES (22,'ale666','Han Solo');
INSERT INTO participe VALUES (22,'mat629','lapin');
INSERT INTO participe VALUES (22,'lau991','Poison Ivy');
INSERT INTO participe VALUES (22,'ant161','Père Noël');
INSERT INTO participe VALUES (22,'bla42','Harley Quinn');
INSERT INTO participe VALUES (22,'val171','Peach');
INSERT INTO participe VALUES (22,'lae464','magicien');
INSERT INTO participe VALUES (22,'nat535','Elsa');
INSERT INTO participe VALUES (22,'con339','sorcière');
INSERT INTO participe VALUES (22,'vir312','Clochette');
INSERT INTO participe VALUES (22,'mél16','Elsa');
INSERT INTO participe VALUES (22,'isa852','Alyx Vance');
INSERT INTO participe VALUES (22,'pab324','dragon');
INSERT INTO participe VALUES (22,'lud846','Prince Charmant');
INSERT INTO participe VALUES (22,'cyr712','minion');
INSERT INTO participe VALUES (22,'adr901','schtroumpf');
INSERT INTO participe VALUES (22,'ant79','Pikachu');
INSERT INTO participe VALUES (22,'dim514','Captain America');
INSERT INTO participe VALUES (22,'nes185','Leia');
INSERT INTO participe VALUES (22,'ala39','minion');
INSERT INTO participe VALUES (22,'den477','Gordon Freeman');
INSERT INTO participe VALUES (22,'thé201','pompier');
INSERT INTO participe VALUES (22,'chr222','Mulan');
INSERT INTO participe VALUES (22,'cam410','schtroumpf');
INSERT INTO participe VALUES (22,'mic509','astronaute');
INSERT INTO participe VALUES (22,'bri549','soldat');
INSERT INTO participe VALUES (22,'dam44','Aragorn');
INSERT INTO participe VALUES (22,'ant646','Valerian');
INSERT INTO participe VALUES (22,'max388','Tintin');
INSERT INTO participe VALUES (22,'mel403','Gandalf');
INSERT INTO participe VALUES (22,'mar166','Cersei');
INSERT INTO participe VALUES (22,'wil148','Aurore');
INSERT INTO participe VALUES (22,'sim790','Laureline');
INSERT INTO participe VALUES (22,'ama995','princesse');
INSERT INTO participe VALUES (22,'rég366','Aragorn');
INSERT INTO participe VALUES (22,'cor608','Frodon');
INSERT INTO participe VALUES (22,'cha169','Mère Noël');
INSERT INTO participe VALUES (22,'val11','Arthas');
INSERT INTO participe VALUES (22,'les32','démon');
INSERT INTO participe VALUES (23,'jea69','Indiana Jones');
INSERT INTO participe VALUES (23,'gab164','Pikachu');
INSERT INTO participe VALUES (23,'rég500','Double-face');
INSERT INTO participe VALUES (23,'emi356','magicien');
INSERT INTO participe VALUES (23,'san936','Alyx Vance');
INSERT INTO participe VALUES (23,'sim571','Indiana Jones');
INSERT INTO participe VALUES (23,'ann880','dragon');
INSERT INTO participe VALUES (23,'vir912','schtroumpf');
INSERT INTO participe VALUES (23,'bér206','indien');
INSERT INTO participe VALUES (23,'yan373','elfe');
INSERT INTO participe VALUES (23,'hug136','Lex Luthor');
INSERT INTO participe VALUES (23,'jor58','Frodon');
INSERT INTO participe VALUES (23,'tom276','dragon');
INSERT INTO participe VALUES (23,'ben440','Gordon Freeman');
INSERT INTO participe VALUES (23,'edo855','Lex Luthor');
INSERT INTO participe VALUES (23,'val11','Sonic');
INSERT INTO participe VALUES (23,'aur595','Blanche Neige');
INSERT INTO participe VALUES (23,'ell721','épouvantail');
INSERT INTO participe VALUES (23,'nic715','Anna');
INSERT INTO participe VALUES (23,'béa735','astronaute');
INSERT INTO participe VALUES (23,'ann425','fantôme');
INSERT INTO participe VALUES (23,'bén933','magicien');
INSERT INTO participe VALUES (23,'sol474','fantôme');
INSERT INTO participe VALUES (23,'hec533','magicien');
INSERT INTO participe VALUES (23,'céc900','Lara Croft');
INSERT INTO participe VALUES (23,'léo520','minion');
INSERT INTO participe VALUES (23,'vin457','Luke');
INSERT INTO participe VALUES (23,'fab405','Arthas');
INSERT INTO participe VALUES (23,'vic289','Bayonetta');
INSERT INTO participe VALUES (23,'syl971','elfe');
INSERT INTO participe VALUES (23,'adè722','Rey');
INSERT INTO participe VALUES (23,'pau856','Catwoman');
INSERT INTO participe VALUES (23,'thé916','Zelda');
INSERT INTO participe VALUES (23,'gré416','Père Noël');
INSERT INTO participe VALUES (23,'cla553','Cersei');
INSERT INTO participe VALUES (23,'yan556','Thrall');
INSERT INTO participe VALUES (23,'san650','Leia');
INSERT INTO participe VALUES (23,'nic681','Laureline');
INSERT INTO participe VALUES (23,'mic509','Catwoman');
INSERT INTO participe VALUES (23,'den597','Père Noël');
INSERT INTO participe VALUES (23,'yoh383','fantôme');
INSERT INTO participe VALUES (23,'lud751','Chapelier fou');
INSERT INTO participe VALUES (23,'clé86','nain');
INSERT INTO participe VALUES (23,'man173','ninja');
INSERT INTO participe VALUES (23,'sam233','minion');
INSERT INTO participe VALUES (23,'pas511','nain');
INSERT INTO participe VALUES (23,'gin36','Buffy');
INSERT INTO participe VALUES (24,'amy582','cowboy');
INSERT INTO participe VALUES (24,'cha120','fée');
INSERT INTO participe VALUES (24,'cél108','Mulan');
INSERT INTO participe VALUES (24,'vir372','Obelix');
INSERT INTO participe VALUES (24,'rom470','Frankenstein');
INSERT INTO participe VALUES (24,'nic590','');
INSERT INTO participe VALUES (24,'den872','sorcière');
INSERT INTO participe VALUES (24,'sév426','');
INSERT INTO participe VALUES (24,'ali576','Cersei');
INSERT INTO participe VALUES (24,'ton19','Joker');
INSERT INTO participe VALUES (24,'chr734','Clochette');
INSERT INTO participe VALUES (24,'iol794','agent secret');
INSERT INTO participe VALUES (24,'aga730','Laureline');
INSERT INTO participe VALUES (24,'dom844','Largo Winch');
INSERT INTO participe VALUES (24,'tal475','nain');
INSERT INTO participe VALUES (24,'axe947','Merlin');
INSERT INTO participe VALUES (24,'oma57','magicien');
INSERT INTO participe VALUES (24,'myl973','Laureline');
INSERT INTO participe VALUES (24,'eme28','Merlin');
INSERT INTO participe VALUES (24,'flo50','Laureline');
INSERT INTO participe VALUES (24,'gra606','minion');
INSERT INTO participe VALUES (24,'mar146','schtroumpf');
INSERT INTO participe VALUES (24,'flo659','Sylvanas');
INSERT INTO participe VALUES (24,'yar273','alien');
INSERT INTO participe VALUES (24,'emm444','astronaute');
INSERT INTO participe VALUES (24,'max956','Gaston Lagaffe');
INSERT INTO participe VALUES (24,'yar603','Anna');
INSERT INTO participe VALUES (24,'dim613','policier');
INSERT INTO participe VALUES (24,'did729','Jon Snow');
INSERT INTO participe VALUES (24,'den117','Largo Winch');
INSERT INTO participe VALUES (24,'cam521','Catwoman');
INSERT INTO participe VALUES (24,'thi430','Merlin');
INSERT INTO participe VALUES (24,'tho778','Link');
INSERT INTO participe VALUES (24,'thé386','elfe');
INSERT INTO participe VALUES (24,'fra889','ange');
INSERT INTO participe VALUES (24,'aga800','Anna');
INSERT INTO participe VALUES (24,'odi484','Aurore');
INSERT INTO participe VALUES (24,'sam645','chevalier');
INSERT INTO participe VALUES (24,'gin141','fée');
INSERT INTO participe VALUES (24,'pat61','Sephiroth');
INSERT INTO participe VALUES (24,'ben440','alien');
INSERT INTO participe VALUES (24,'sop887','Cersei');
INSERT INTO participe VALUES (24,'cha677','épouvantail');
INSERT INTO participe VALUES (24,'myr25','Elsa');
INSERT INTO participe VALUES (24,'myl255','Leia');
INSERT INTO participe VALUES (25,'den543','Sylvanas');
INSERT INTO participe VALUES (25,'vit647','minion');
INSERT INTO participe VALUES (25,'mou139','James Bond');
INSERT INTO participe VALUES (25,'isa541','indien');
INSERT INTO participe VALUES (25,'dia188','Kerrigan');
INSERT INTO participe VALUES (25,'maë605','Laureline');
INSERT INTO participe VALUES (25,'sév245','Pikachu');
INSERT INTO participe VALUES (25,'nic590','lutin');
INSERT INTO participe VALUES (25,'did729','Cloud Strife');
INSERT INTO participe VALUES (25,'amé480','Cendrillon');
INSERT INTO participe VALUES (25,'wil779','Double-face');
INSERT INTO participe VALUES (25,'cha82','soldat');
INSERT INTO participe VALUES (26,'nao724','schtroumpf');
INSERT INTO participe VALUES (26,'yar603','schtroumpf');
INSERT INTO participe VALUES (26,'cha391','schtroumpf');
INSERT INTO participe VALUES (26,'wil148','schtroumpf');
INSERT INTO participe VALUES (26,'ann425','schtroumpf');
INSERT INTO participe VALUES (26,'emm621','schtroumpf');
INSERT INTO participe VALUES (26,'elé191','schtroumpf');
INSERT INTO participe VALUES (26,'thé121','schtroumpf');
INSERT INTO participe VALUES (26,'man178','schtroumpf');
INSERT INTO participe VALUES (26,'tar396','schtroumpf');
INSERT INTO participe VALUES (26,'pab829','schtroumpf');
INSERT INTO participe VALUES (26,'sab240','schtroumpf');
INSERT INTO participe VALUES (26,'flo834','schtroumpf');
INSERT INTO participe VALUES (26,'mic92','schtroumpf');
INSERT INTO participe VALUES (26,'mar30','schtroumpf');
INSERT INTO participe VALUES (26,'rha687','schtroumpf');
INSERT INTO participe VALUES (26,'eve412','schtroumpf');
INSERT INTO participe VALUES (26,'ash607','schtroumpf');
INSERT INTO participe VALUES (26,'nic715','schtroumpf');
INSERT INTO participe VALUES (26,'amy582','schtroumpf');
INSERT INTO participe VALUES (26,'amé952','schtroumpf');
INSERT INTO participe VALUES (26,'ben618','schtroumpf');
INSERT INTO participe VALUES (26,'emi319','schtroumpf');
INSERT INTO participe VALUES (26,'ant449','schtroumpf');
INSERT INTO participe VALUES (26,'ant938','schtroumpf');
INSERT INTO participe VALUES (26,'sté726','schtroumpf');
INSERT INTO participe VALUES (27,'den358','Cersei');
INSERT INTO participe VALUES (27,'luc37','Rey');
INSERT INTO participe VALUES (27,'ben355','elfe');
INSERT INTO participe VALUES (27,'luc941','cowboy');
INSERT INTO participe VALUES (27,'glo873','lutin');
INSERT INTO participe VALUES (27,'cyn227','Laureline');
INSERT INTO participe VALUES (27,'dor630','Kerrigan');
INSERT INTO participe VALUES (27,'van107','Cendrillon');
INSERT INTO participe VALUES (27,'jod278','Leia');
INSERT INTO participe VALUES (27,'béa735','Lara Croft');
INSERT INTO participe VALUES (27,'ger537','chevalier');
INSERT INTO participe VALUES (27,'bry903','soldat');
INSERT INTO participe VALUES (27,'pab324','Cloud Strife');
INSERT INTO participe VALUES (27,'yve668','ange');
INSERT INTO participe VALUES (27,'sop988','Clochette');
INSERT INTO participe VALUES (27,'nas771','Batman');
INSERT INTO participe VALUES (27,'geh577','Lara Croft');
INSERT INTO participe VALUES (27,'bén676','policier');
INSERT INTO participe VALUES (27,'mél220','bandit');
INSERT INTO participe VALUES (27,'emm364','astronaute');
INSERT INTO participe VALUES (27,'pab493','chevalier');
INSERT INTO participe VALUES (27,'rom325','Cloud Strife');
INSERT INTO participe VALUES (27,'cha895','Harley Quinn');
INSERT INTO participe VALUES (27,'zac244','Joker');
INSERT INTO participe VALUES (27,'fau517','démon');
INSERT INTO participe VALUES (27,'tom286','Gaston Lagaffe');
INSERT INTO participe VALUES (27,'gra606','Elsa');
INSERT INTO participe VALUES (27,'jor58','Frankenstein');
INSERT INTO participe VALUES (27,'geo485','Pikachu');
INSERT INTO participe VALUES (27,'flo198','Tintin');
INSERT INTO participe VALUES (27,'syl479','Largo Winch');
INSERT INTO participe VALUES (27,'mar822','Spiderman');
INSERT INTO participe VALUES (27,'eti563','Tyrion Lannister');
INSERT INTO participe VALUES (27,'pie184','Chapelier fou');
INSERT INTO participe VALUES (27,'ros433','Pikachu');
INSERT INTO participe VALUES (27,'eli55','elfe');
INSERT INTO participe VALUES (27,'meh864','Batman');
INSERT INTO participe VALUES (27,'syl971','citrouille');
INSERT INTO participe VALUES (27,'lil466','chevalier');
INSERT INTO participe VALUES (27,'sim439','Indiana Jones');
INSERT INTO participe VALUES (27,'amy428','minion');
INSERT INTO participe VALUES (27,'léo624','elfe');
INSERT INTO participe VALUES (27,'her129','Arwen');
INSERT INTO participe VALUES (27,'eri248','Captain America');
INSERT INTO participe VALUES (27,'dom234','samouraï');
INSERT INTO participe VALUES (27,'den407','Han Solo');
INSERT INTO participe VALUES (27,'mou8','Thrall');
INSERT INTO participe VALUES (27,'sop323','épouvantail');
INSERT INTO participe VALUES (27,'oma977','Link');
INSERT INTO participe VALUES (27,'dom414','pompier');
INSERT INTO participe VALUES (27,'adr657','');
INSERT INTO participe VALUES (27,'rog89','Batman');
INSERT INTO participe VALUES (27,'cha120','ninja');
INSERT INTO participe VALUES (27,'gin53','Anna');
INSERT INTO participe VALUES (27,'nes398','citrouille');
INSERT INTO participe VALUES (27,'nie894','Jon Snow');
INSERT INTO participe VALUES (27,'sop133','Clochette');
INSERT INTO participe VALUES (28,'ren619','zombie');
INSERT INTO participe VALUES (28,'nao724','zombie');
INSERT INTO participe VALUES (28,'sam374','zombie');
INSERT INTO participe VALUES (28,'tho106','zombie');
INSERT INTO participe VALUES (28,'thé393','zombie');
INSERT INTO participe VALUES (28,'ibr883','zombie');
INSERT INTO participe VALUES (28,'dom369','zombie');
INSERT INTO participe VALUES (28,'gaë580','zombie');
INSERT INTO participe VALUES (28,'dim655','zombie');
INSERT INTO participe VALUES (28,'meh591','zombie');
INSERT INTO participe VALUES (28,'aur516','zombie');
INSERT INTO participe VALUES (28,'maë605','zombie');
INSERT INTO participe VALUES (28,'pab324','zombie');
INSERT INTO participe VALUES (28,'cha546','zombie');
INSERT INTO participe VALUES (28,'dim318','zombie');
INSERT INTO participe VALUES (28,'dim613','zombie');
INSERT INTO participe VALUES (28,'jan637','zombie');
INSERT INTO participe VALUES (28,'eli559','zombie');
INSERT INTO participe VALUES (28,'jea785','zombie');
INSERT INTO participe VALUES (28,'rom648','zombie');
INSERT INTO participe VALUES (28,'jea330','zombie');
INSERT INTO participe VALUES (28,'ber752','zombie');
INSERT INTO participe VALUES (28,'léo774','zombie');
INSERT INTO participe VALUES (28,'kev13','zombie');
INSERT INTO participe VALUES (28,'rém406','zombie');
INSERT INTO participe VALUES (28,'hug662','zombie');
INSERT INTO participe VALUES (28,'léo837','zombie');
INSERT INTO participe VALUES (28,'gab215','zombie');
INSERT INTO participe VALUES (28,'elo978','zombie');
INSERT INTO participe VALUES (28,'sim790','zombie');
INSERT INTO participe VALUES (28,'dyl114','zombie');
INSERT INTO participe VALUES (28,'syl703','zombie');
INSERT INTO participe VALUES (28,'cla859','zombie');
INSERT INTO participe VALUES (28,'ant632','zombie');
INSERT INTO participe VALUES (28,'nic526','zombie');
INSERT INTO participe VALUES (28,'moh679','zombie');
INSERT INTO participe VALUES (28,'man564','zombie');
INSERT INTO participe VALUES (28,'aur595','zombie');
INSERT INTO participe VALUES (28,'pat489','zombie');
INSERT INTO participe VALUES (28,'bén933','zombie');
INSERT INTO participe VALUES (28,'nas771','zombie');
INSERT INTO participe VALUES (28,'lou583','zombie');
INSERT INTO participe VALUES (29,'ger519','Frodon');
INSERT INTO participe VALUES (29,'pat529','Link');
INSERT INTO participe VALUES (29,'wen879','minion');
INSERT INTO participe VALUES (29,'vér733','elfe');
INSERT INTO participe VALUES (29,'sté823','soldat');
INSERT INTO participe VALUES (29,'ang833','minion');
INSERT INTO participe VALUES (29,'vit647','Père Noël');
INSERT INTO participe VALUES (29,'del746','elfe');
INSERT INTO participe VALUES (29,'els213','agent secret');
INSERT INTO participe VALUES (29,'eme28','schtroumpf');
INSERT INTO participe VALUES (29,'flo530','Asterix');
INSERT INTO participe VALUES (29,'man564','magicien');
INSERT INTO participe VALUES (29,'eli277','bandit');
INSERT INTO participe VALUES (29,'clé228','alien');
INSERT INTO participe VALUES (29,'chr523','vampire');
INSERT INTO participe VALUES (29,'gui132','soldat');
INSERT INTO participe VALUES (29,'cas88','');
INSERT INTO participe VALUES (29,'maë296','Arwen');
INSERT INTO participe VALUES (29,'iph174','vampire');
INSERT INTO participe VALUES (29,'mar280','policier');
INSERT INTO participe VALUES (29,'jea937','Jon Snow');
INSERT INTO participe VALUES (29,'sam645','alien');
INSERT INTO participe VALUES (29,'aud1','elfe');
INSERT INTO participe VALUES (29,'ale768','Kylo Ren');
INSERT INTO participe VALUES (29,'lis360','fée');
INSERT INTO participe VALUES (29,'oct402','Luke');
INSERT INTO participe VALUES (29,'sol474','sirène');
INSERT INTO participe VALUES (29,'eve412','elfe');
INSERT INTO participe VALUES (29,'emm444','alien');
INSERT INTO participe VALUES (29,'nat508','Leia');
INSERT INTO participe VALUES (29,'lei574','Maléfique');
INSERT INTO participe VALUES (29,'xav773','Luigi');
INSERT INTO participe VALUES (29,'den543','alien');
INSERT INTO participe VALUES (29,'sop133','lutin');
INSERT INTO participe VALUES (29,'cla451','Clochette');
INSERT INTO participe VALUES (29,'den946','lapin');
INSERT INTO participe VALUES (29,'emi159','James Bond');
INSERT INTO participe VALUES (29,'cha120','princesse');
INSERT INTO participe VALUES (29,'ale693','lapin');
INSERT INTO participe VALUES (29,'sop988','Cendrillon');
INSERT INTO participe VALUES (29,'jul384','James Bond');
INSERT INTO participe VALUES (29,'yar272','ninja');
INSERT INTO participe VALUES (29,'léo837','Merlin');
INSERT INTO participe VALUES (29,'iol380','elfe');
INSERT INTO participe VALUES (29,'deb368','Anna');
INSERT INTO participe VALUES (29,'myr566','Elsa');
INSERT INTO participe VALUES (29,'iph850','pirate');
INSERT INTO participe VALUES (29,'nor413','elfe');
INSERT INTO participe VALUES (29,'ell697','Luke');
INSERT INTO participe VALUES (29,'dom414','alien');
INSERT INTO participe VALUES (29,'den358','soldat');
INSERT INTO participe VALUES (29,'joh636','bandit');
INSERT INTO participe VALUES (29,'tal247','Mère Noël');
INSERT INTO participe VALUES (29,'flo834','Batgirl');
INSERT INTO participe VALUES (29,'reb695','indien');
INSERT INTO participe VALUES (29,'thé393','Pikachu');
INSERT INTO participe VALUES (29,'urs809','indien');
INSERT INTO participe VALUES (29,'vio204','Sylvanas');
INSERT INTO participe VALUES (29,'tom399','Frodon');
INSERT INTO participe VALUES (29,'ala690','vampire');
INSERT INTO participe VALUES (29,'ond310','Mulan');
INSERT INTO participe VALUES (29,'yoh383','magicien');
INSERT INTO participe VALUES (29,'nic235','samouraï');
INSERT INTO participe VALUES (29,'mél16','Laureline');
INSERT INTO participe VALUES (29,'isi242','alien');
INSERT INTO participe VALUES (29,'jul420','samouraï');
INSERT INTO participe VALUES (29,'emm914','Lara Croft');
INSERT INTO participe VALUES (29,'rap865','dragon');
INSERT INTO participe VALUES (29,'flo421','Jon Snow');
INSERT INTO participe VALUES (29,'bry441','Kylo Ren');
INSERT INTO participe VALUES (30,'vér874','alien');
INSERT INTO participe VALUES (30,'océ993','Maléfique');
INSERT INTO participe VALUES (30,'tom399','nain');
INSERT INTO participe VALUES (30,'ant646','Sephiroth');
INSERT INTO participe VALUES (30,'ros177','magicien');
INSERT INTO participe VALUES (30,'flo659','alien');
INSERT INTO participe VALUES (30,'tal714','bandit');
INSERT INTO participe VALUES (30,'mic363','épouvantail');
INSERT INTO participe VALUES (30,'oli808','pompier');
INSERT INTO participe VALUES (30,'lou583','Poison Ivy');
INSERT INTO participe VALUES (30,'dia188','Samus Aran');
INSERT INTO participe VALUES (30,'iol380','policier');
INSERT INTO participe VALUES (30,'cam341','Mario');
INSERT INTO participe VALUES (30,'vir638','Clochette');
INSERT INTO participe VALUES (30,'agn628','bandit');
INSERT INTO participe VALUES (30,'ste315','magicien');
INSERT INTO participe VALUES (30,'cha391','Thrall');
INSERT INTO participe VALUES (30,'jac849','bandit');
INSERT INTO participe VALUES (30,'max21','elfe');
INSERT INTO participe VALUES (30,'cor400','XIII');
INSERT INTO participe VALUES (30,'lis502','pompier');
INSERT INTO participe VALUES (30,'thi430','policier');
INSERT INTO participe VALUES (30,'oct908','Gordon Freeman');
INSERT INTO participe VALUES (30,'ger660','pirate');
INSERT INTO participe VALUES (30,'zoé616','schtroumpf');
INSERT INTO participe VALUES (30,'mel257','Maléfique');
INSERT INTO participe VALUES (30,'mou139','Gandalf');
INSERT INTO participe VALUES (30,'cri160','Poison Ivy');
INSERT INTO participe VALUES (30,'den358','Maléfique');
INSERT INTO participe VALUES (30,'lae464','épouvantail');
INSERT INTO participe VALUES (30,'wil779','Luke');
INSERT INTO participe VALUES (30,'jos943','Obelix');
INSERT INTO participe VALUES (30,'tom135','Mario');
INSERT INTO participe VALUES (30,'alp866','Link');
INSERT INTO participe VALUES (30,'yas72','Elsa');
INSERT INTO participe VALUES (30,'bla294','Cendrillon');
INSERT INTO participe VALUES (30,'yoh397','Largo Winch');
INSERT INTO participe VALUES (30,'isa541','Leia');
INSERT INTO participe VALUES (30,'tar17','Clochette');
INSERT INTO participe VALUES (30,'kar816','Chapelier fou');
INSERT INTO participe VALUES (30,'emi301','vampire');
INSERT INTO participe VALUES (30,'you667','');
INSERT INTO participe VALUES (30,'gré416','policier');
INSERT INTO participe VALUES (30,'xav905','Arthas');
INSERT INTO participe VALUES (31,'rap342','vampire');
INSERT INTO participe VALUES (31,'cas909','Kerrigan');
INSERT INTO participe VALUES (31,'maë296','schtroumpf');
INSERT INTO participe VALUES (31,'wil779','agent secret');
INSERT INTO participe VALUES (31,'aur716','policier');
INSERT INTO participe VALUES (31,'ann868','lapin');
INSERT INTO participe VALUES (31,'cha982','policier');
INSERT INTO participe VALUES (31,'ant534','alien');
INSERT INTO participe VALUES (31,'clé350','lapin');
INSERT INTO participe VALUES (31,'mam924','Obelix');
INSERT INTO participe VALUES (31,'léo520','soldat');
INSERT INTO participe VALUES (31,'ilh46','Merlin');
INSERT INTO participe VALUES (31,'sté22','agent secret');
INSERT INTO participe VALUES (31,'dia367','Maléfique');
INSERT INTO participe VALUES (31,'moh205','policier');
INSERT INTO participe VALUES (31,'myl720','Arwen');
INSERT INTO participe VALUES (31,'vic125','pompier');
INSERT INTO participe VALUES (31,'rég378','pompier');
INSERT INTO participe VALUES (31,'thé560','Superman');
INSERT INTO participe VALUES (31,'cha391','policier');
INSERT INTO participe VALUES (31,'eme28','Joker');
INSERT INTO participe VALUES (31,'sop878','cowboy');
INSERT INTO participe VALUES (31,'mel403','Tyrion Lannister');
INSERT INTO participe VALUES (31,'ash14','Catwoman');
INSERT INTO participe VALUES (31,'rég366','Joker');
INSERT INTO participe VALUES (31,'cyr225','Darth Vader');
INSERT INTO participe VALUES (31,'yas499','samouraï');
INSERT INTO participe VALUES (31,'rom610','Gandalf');
INSERT INTO participe VALUES (31,'dia67','Elsa');
INSERT INTO participe VALUES (31,'eth2','soldat');
INSERT INTO participe VALUES (31,'oli336','astronaute');
INSERT INTO participe VALUES (31,'xav773','pirate');
INSERT INTO participe VALUES (31,'xav200','chevalier');
INSERT INTO participe VALUES (31,'wal890','Darth Vader');
INSERT INTO participe VALUES (31,'nao724','Batgirl');
INSERT INTO participe VALUES (31,'jac9','cowboy');
INSERT INTO participe VALUES (31,'bry441','bandit');
INSERT INTO participe VALUES (31,'man70','ange');
INSERT INTO participe VALUES (31,'mar787','Captain America');
INSERT INTO participe VALUES (31,'gab126','Sylvanas');
INSERT INTO participe VALUES (31,'inè436','Daenerys');
INSERT INTO participe VALUES (31,'odi927','Daenerys');
INSERT INTO participe VALUES (31,'yar272','Leia');
INSERT INTO participe VALUES (31,'dyl394','Gordon Freeman');
INSERT INTO participe VALUES (31,'dia285','Katniss');
INSERT INTO participe VALUES (31,'vir638','chevalier');
INSERT INTO participe VALUES (31,'bla795','Merlin');
INSERT INTO participe VALUES (31,'sop323','Laureline');
INSERT INTO participe VALUES (31,'cor673','épouvantail');
INSERT INTO participe VALUES (31,'les32','elfe');
INSERT INTO participe VALUES (31,'san650','Mère Noël');
INSERT INTO participe VALUES (31,'jam96','cowboy');
INSERT INTO participe VALUES (31,'ros707','Samus Aran');
INSERT INTO participe VALUES (31,'arm208','lapin');
INSERT INTO participe VALUES (31,'noé226','astronaute');
INSERT INTO participe VALUES (31,'lis189','indien');
INSERT INTO participe VALUES (32,'fau348','Tifa Lockhart');
INSERT INTO participe VALUES (32,'odi15','indien');
INSERT INTO participe VALUES (32,'bri639','bandit');
INSERT INTO participe VALUES (32,'bér494','Anna');
INSERT INTO participe VALUES (32,'mic363','Indiana Jones');
INSERT INTO participe VALUES (32,'cyn227','sirène');
INSERT INTO participe VALUES (32,'mar280','minion');
INSERT INTO participe VALUES (32,'zac593','Mario');
INSERT INTO participe VALUES (32,'sév507','Katniss');
INSERT INTO participe VALUES (32,'san112','Samus Aran');
INSERT INTO participe VALUES (32,'lud751','ange');
INSERT INTO participe VALUES (32,'sop641','Zelda');
INSERT INTO participe VALUES (32,'flo783','Batman');
INSERT INTO participe VALUES (32,'oli999','indien');
INSERT INTO participe VALUES (32,'ros177','soldat');
INSERT INTO participe VALUES (32,'van107','Alice');
INSERT INTO participe VALUES (32,'bri979','');
INSERT INTO participe VALUES (32,'luc401','Père Noël');
INSERT INTO participe VALUES (32,'bén634','Katniss');
INSERT INTO participe VALUES (32,'con131','ninja');
INSERT INTO participe VALUES (32,'elé799','bandit');
INSERT INTO participe VALUES (32,'cri891','agent secret');
INSERT INTO participe VALUES (32,'sév332','soldat');
INSERT INTO participe VALUES (32,'ant161','bandit');
INSERT INTO participe VALUES (32,'myr841','Anna');
INSERT INTO participe VALUES (32,'arm208','minion');
INSERT INTO participe VALUES (32,'meh864','Sonic');
INSERT INTO participe VALUES (32,'luc950','démon');
INSERT INTO participe VALUES (32,'val180','elfe');
INSERT INTO participe VALUES (32,'ale663','Alyx Vance');
INSERT INTO participe VALUES (32,'oma977','pirate');
INSERT INTO participe VALUES (32,'ton19','Spiderman');
INSERT INTO participe VALUES (32,'den40','Tintin');
INSERT INTO participe VALUES (32,'oli932','Arwen');
INSERT INTO participe VALUES (32,'cla446','ange');
INSERT INTO participe VALUES (32,'hub422','fantôme');
INSERT INTO participe VALUES (32,'sab806','fée');
INSERT INTO participe VALUES (32,'eth2','Double-face');
INSERT INTO participe VALUES (32,'van56','pirate');
INSERT INTO participe VALUES (32,'pas913','Catwoman');
INSERT INTO participe VALUES (32,'dam925','Prince Charmant');
INSERT INTO participe VALUES (32,'eve412','soldat');
INSERT INTO participe VALUES (32,'sam303','Gandalf');
INSERT INTO participe VALUES (32,'joh741','');
INSERT INTO participe VALUES (32,'aud1','Cersei');
INSERT INTO participe VALUES (32,'rég145','Indiana Jones');
INSERT INTO participe VALUES (32,'col448','Anna');
INSERT INTO participe VALUES (32,'syl698','vampire');
INSERT INTO participe VALUES (32,'ber752','agent secret');
INSERT INTO participe VALUES (32,'séb66','Luigi');
INSERT INTO participe VALUES (32,'syl313','lutin');
INSERT INTO participe VALUES (32,'mou139','fantôme');
INSERT INTO participe VALUES (32,'flo530','policier');
INSERT INTO participe VALUES (32,'léo150','ange');
INSERT INTO participe VALUES (32,'rom470','ninja');
INSERT INTO participe VALUES (33,'chr304','Frankenstein');
INSERT INTO participe VALUES (33,'her525','samouraï');
INSERT INTO participe VALUES (33,'mat757','lapin');
INSERT INTO participe VALUES (33,'lou583','ninja');
INSERT INTO participe VALUES (33,'dyl394','chevalier');
INSERT INTO participe VALUES (33,'iph675','fantôme');
INSERT INTO participe VALUES (33,'sam645','Kylo Ren');
INSERT INTO participe VALUES (33,'ren619','fantôme');
INSERT INTO participe VALUES (33,'oph259','lapin');
INSERT INTO participe VALUES (33,'sév548','fantôme');
INSERT INTO participe VALUES (33,'den437','vampire');
INSERT INTO participe VALUES (33,'ale768','Indiana Jones');
INSERT INTO participe VALUES (33,'jos572','Gaston Lagaffe');
INSERT INTO participe VALUES (33,'mar787','Indiana Jones');
INSERT INTO participe VALUES (33,'agn935','elfe');
INSERT INTO participe VALUES (33,'fle579','Peach');
INSERT INTO participe VALUES (33,'chr523','Daenerys');
INSERT INTO participe VALUES (33,'ber752','alien');
INSERT INTO participe VALUES (33,'bar93','');
INSERT INTO participe VALUES (33,'adr699','Mario');
INSERT INTO participe VALUES (33,'vin691','Mario');
INSERT INTO participe VALUES (33,'gab838','indien');
INSERT INTO participe VALUES (33,'bru832','Superman');
INSERT INTO participe VALUES (33,'ale666','fantôme');
INSERT INTO participe VALUES (33,'pri708','Zelda');
INSERT INTO participe VALUES (33,'dom414','Merlin');
INSERT INTO participe VALUES (33,'dyl114','Frankenstein');
INSERT INTO participe VALUES (33,'sop452','indien');
INSERT INTO participe VALUES (33,'lei574','');
INSERT INTO participe VALUES (33,'glo305','Batgirl');
INSERT INTO participe VALUES (33,'ber450','Indiana Jones');
INSERT INTO participe VALUES (33,'ber274','magicien');
INSERT INTO participe VALUES (33,'ros177','démon');
INSERT INTO participe VALUES (33,'cam521','pirate');
INSERT INTO participe VALUES (33,'agn538','Anna');
INSERT INTO participe VALUES (33,'cam267','Jon Snow');
INSERT INTO participe VALUES (33,'vic289','bandit');
INSERT INTO participe VALUES (33,'dam925','Iron Man');
INSERT INTO participe VALUES (33,'sol290','Samus Aran');
INSERT INTO participe VALUES (33,'fab405','cowboy');
INSERT INTO participe VALUES (33,'hél68','épouvantail');
INSERT INTO participe VALUES (33,'oph642','Sylvanas');
INSERT INTO participe VALUES (33,'vic125','Anna');
INSERT INTO participe VALUES (33,'san555','Alyx Vance');
INSERT INTO participe VALUES (33,'myl258','soldat');
INSERT INTO participe VALUES (33,'ger537','');
INSERT INTO participe VALUES (33,'ger998','Tintin');
INSERT INTO participe VALUES (33,'xav122','ninja');
INSERT INTO participe VALUES (33,'tar17','Lara Croft');
INSERT INTO participe VALUES (33,'eri248','Superman');
INSERT INTO participe VALUES (33,'vin457','chevalier');
INSERT INTO participe VALUES (33,'yas807','policier');
INSERT INTO participe VALUES (33,'cor109','fantôme');
INSERT INTO participe VALUES (33,'art770','Sephiroth');
INSERT INTO participe VALUES (33,'val171','citrouille');
INSERT INTO participe VALUES (33,'art828','Sephiroth');
INSERT INTO participe VALUES (33,'den980','Mario');
INSERT INTO participe VALUES (33,'flo659','vampire');
INSERT INTO participe VALUES (33,'joh965','Largo Winch');
INSERT INTO participe VALUES (33,'den946','Catwoman');
INSERT INTO participe VALUES (33,'cyr712','Luigi');
INSERT INTO participe VALUES (33,'noé918','minion');
INSERT INTO participe VALUES (33,'eri134','James Bond');
INSERT INTO participe VALUES (33,'ste728','Kylo Ren');
INSERT INTO participe VALUES (33,'ala732','Cloud Strife');
INSERT INTO participe VALUES (33,'vir230','Lara Croft');
INSERT INTO participe VALUES (33,'joh636','samouraï');
INSERT INTO participe VALUES (33,'clé689','démon');
INSERT INTO participe VALUES (33,'tal714','Aurore');
INSERT INTO participe VALUES (33,'bap945','Han Solo');
INSERT INTO participe VALUES (33,'glo283','Lara Croft');
INSERT INTO participe VALUES (33,'eve192','citrouille');
INSERT INTO participe VALUES (33,'yar272','Samus Aran');
INSERT INTO participe VALUES (33,'rég91','citrouille');
INSERT INTO participe VALUES (33,'inè436','fantôme');
INSERT INTO participe VALUES (33,'glo95','Pikachu');
INSERT INTO participe VALUES (33,'bla427','Tifa Lockhart');
INSERT INTO participe VALUES (33,'ala39','Frankenstein');
INSERT INTO participe VALUES (33,'oct402','Iron Man');
INSERT INTO participe VALUES (34,'aur620','vampire');
INSERT INTO participe VALUES (34,'ren469','vampire');
INSERT INTO participe VALUES (34,'léo972','vampire');
INSERT INTO participe VALUES (34,'pab493','vampire');
INSERT INTO participe VALUES (34,'yar472','vampire');
INSERT INTO participe VALUES (34,'eth2','vampire');
INSERT INTO participe VALUES (34,'bry654','vampire');
INSERT INTO participe VALUES (34,'gab164','vampire');
INSERT INTO participe VALUES (34,'hug662','vampire');
INSERT INTO participe VALUES (34,'nao540','vampire');
INSERT INTO participe VALUES (34,'bas791','vampire');
INSERT INTO participe VALUES (34,'eve987','vampire');
INSERT INTO participe VALUES (34,'val216','vampire');
INSERT INTO participe VALUES (34,'pas750','vampire');
INSERT INTO participe VALUES (34,'lae59','vampire');
INSERT INTO participe VALUES (34,'jul420','vampire');
INSERT INTO participe VALUES (34,'oct664','vampire');
INSERT INTO participe VALUES (34,'jam649','vampire');
INSERT INTO participe VALUES (34,'iol380','vampire');
INSERT INTO participe VALUES (34,'mar765','vampire');
INSERT INTO participe VALUES (34,'vic125','vampire');
INSERT INTO participe VALUES (34,'cam267','vampire');
INSERT INTO participe VALUES (34,'chr734','vampire');
INSERT INTO participe VALUES (34,'sam374','vampire');
INSERT INTO participe VALUES (34,'gui132','vampire');
INSERT INTO participe VALUES (34,'nin447','vampire');
INSERT INTO participe VALUES (34,'odi484','vampire');
INSERT INTO participe VALUES (34,'isa541','vampire');
INSERT INTO participe VALUES (34,'cor612','vampire');
INSERT INTO participe VALUES (34,'sté886','vampire');
INSERT INTO participe VALUES (34,'eri930','vampire');
INSERT INTO participe VALUES (34,'que147','vampire');
INSERT INTO participe VALUES (34,'que615','vampire');
INSERT INTO participe VALUES (34,'vic893','vampire');
INSERT INTO participe VALUES (34,'viv182','vampire');
INSERT INTO participe VALUES (34,'noé918','vampire');
INSERT INTO participe VALUES (34,'bri979','vampire');
INSERT INTO participe VALUES (34,'lae309','vampire');
INSERT INTO participe VALUES (34,'edo855','vampire');
INSERT INTO participe VALUES (34,'bén634','vampire');
INSERT INTO participe VALUES (34,'aga558','vampire');
INSERT INTO participe VALUES (34,'nic235','vampire');
INSERT INTO participe VALUES (34,'jor58','vampire');
INSERT INTO participe VALUES (34,'flo783','vampire');
INSERT INTO participe VALUES (34,'emm364','vampire');
INSERT INTO participe VALUES (34,'mou175','vampire');
INSERT INTO participe VALUES (34,'sim727','vampire');
INSERT INTO participe VALUES (34,'emm64','vampire');
INSERT INTO participe VALUES (34,'myl720','vampire');
INSERT INTO participe VALUES (34,'ala316','vampire');
INSERT INTO participe VALUES (34,'jos870','vampire');
INSERT INTO participe VALUES (34,'ala769','vampire');
INSERT INTO participe VALUES (34,'dom876','vampire');
INSERT INTO participe VALUES (35,'sop682','lapin');
INSERT INTO participe VALUES (35,'sév426','Zelda');
INSERT INTO participe VALUES (35,'den980','Père Noël');
INSERT INTO participe VALUES (35,'cyr712','James Bond');
INSERT INTO participe VALUES (35,'syl163','Cendrillon');
INSERT INTO participe VALUES (35,'ala219','Indiana Jones');
INSERT INTO participe VALUES (35,'myl258','');
INSERT INTO participe VALUES (35,'emm364','Batgirl');
INSERT INTO participe VALUES (36,'joa527','minion');
INSERT INTO participe VALUES (36,'nao724','alien');
INSERT INTO participe VALUES (36,'suz633','dragon');
INSERT INTO participe VALUES (36,'nin447','Katniss');
INSERT INTO participe VALUES (36,'yas72','Alyx Vance');
INSERT INTO participe VALUES (36,'nin784','Cendrillon');
INSERT INTO participe VALUES (36,'dim573','Largo Winch');
INSERT INTO participe VALUES (36,'moh205','Aragorn');
INSERT INTO participe VALUES (36,'con843','ange');
INSERT INTO participe VALUES (36,'gui513','Indiana Jones');
INSERT INTO participe VALUES (36,'mel403','Joker');
INSERT INTO participe VALUES (36,'que147','Père Noël');
INSERT INTO participe VALUES (36,'emm64','Catwoman');
INSERT INTO participe VALUES (36,'ger537','orc');
INSERT INTO participe VALUES (36,'alp370','lapin');
INSERT INTO participe VALUES (36,'aga288','Alice');
INSERT INTO participe VALUES (36,'lil488','Bayonetta');
INSERT INTO participe VALUES (36,'jam96','soldat');
INSERT INTO participe VALUES (36,'cyr387','Han Solo');
INSERT INTO participe VALUES (36,'jér270','Prince Charmant');
INSERT INTO participe VALUES (36,'ber450','samouraï');
INSERT INTO participe VALUES (36,'geh577','fantôme');
INSERT INTO participe VALUES (36,'fle41','Maléfique');
INSERT INTO participe VALUES (36,'ste969','pirate');
INSERT INTO participe VALUES (36,'lou583','ninja');
INSERT INTO participe VALUES (36,'jea330','Tyrion Lannister');
INSERT INTO participe VALUES (36,'les600','Cendrillon');
INSERT INTO participe VALUES (36,'myr25','Buffy');
INSERT INTO participe VALUES (36,'eve987','Aurore');
INSERT INTO participe VALUES (36,'vio764','ange');
INSERT INTO participe VALUES (36,'adr830','Gaston Lagaffe');
INSERT INTO participe VALUES (36,'oct664','minion');
INSERT INTO participe VALUES (36,'hub851','Frodon');
INSERT INTO participe VALUES (36,'ily542','agent secret');
INSERT INTO participe VALUES (36,'gin10','princesse');
INSERT INTO participe VALUES (36,'aur716','sirène');
INSERT INTO participe VALUES (36,'flo421','soldat');
INSERT INTO participe VALUES (36,'tan262','Lara Croft');
INSERT INTO participe VALUES (36,'car911','Leia');
INSERT INTO participe VALUES (36,'loï442','Cloud Strife');
INSERT INTO participe VALUES (36,'luc401','Batman');
INSERT INTO participe VALUES (36,'dia67','Batgirl');
INSERT INTO participe VALUES (36,'thé694','Batman');
INSERT INTO participe VALUES (36,'den543','cowboy');
INSERT INTO participe VALUES (36,'fré611','Tintin');
INSERT INTO participe VALUES (36,'les32','Anna');
INSERT INTO participe VALUES (36,'cyr225','lapin');
INSERT INTO participe VALUES (36,'mél220','sorcière');
INSERT INTO participe VALUES (36,'myl861','Poison Ivy');
INSERT INTO participe VALUES (36,'bry903','Asterix');
INSERT INTO participe VALUES (36,'elé12','Tifa Lockhart');
INSERT INTO participe VALUES (36,'tom276','lapin');
INSERT INTO participe VALUES (36,'tar396','ange');
INSERT INTO participe VALUES (36,'les759','vampire');
INSERT INTO participe VALUES (36,'emm444','Superman');
INSERT INTO participe VALUES (36,'sop682','pompier');
INSERT INTO participe VALUES (36,'tom417','ninja');
INSERT INTO participe VALUES (36,'fle579','Anna');
INSERT INTO participe VALUES (36,'mar476','citrouille');
INSERT INTO participe VALUES (36,'yoh491','Link');
INSERT INTO participe VALUES (36,'lis189','Peach');
INSERT INTO participe VALUES (36,'bru544','citrouille');
INSERT INTO participe VALUES (36,'céc900','Cersei');
INSERT INTO participe VALUES (36,'vic392','nain');
INSERT INTO participe VALUES (36,'jea937','Thrall');
INSERT INTO participe VALUES (36,'amy90','Alyx Vance');
INSERT INTO participe VALUES (36,'myl973','Elsa');
INSERT INTO participe VALUES (36,'you570','cowboy');
INSERT INTO participe VALUES (36,'océ60','démon');
INSERT INTO participe VALUES (36,'eth760','bandit');
INSERT INTO participe VALUES (36,'ari317','soldat');
INSERT INTO participe VALUES (36,'ala115','Obelix');
INSERT INTO participe VALUES (36,'chr183','Asterix');
INSERT INTO participe VALUES (36,'elé434','citrouille');
INSERT INTO participe VALUES (36,'séb66','Captain America');
INSERT INTO participe VALUES (36,'nic235','pompier');
INSERT INTO participe VALUES (36,'reb695','cowboy');
INSERT INTO participe VALUES (36,'dom876','minion');
INSERT INTO participe VALUES (36,'agn232','sirène');
INSERT INTO participe VALUES (36,'mic776','elfe');
INSERT INTO participe VALUES (36,'béa196','agent secret');
INSERT INTO participe VALUES (36,'eli277','Elsa');
INSERT INTO participe VALUES (37,'oph259','démon');
INSERT INTO participe VALUES (37,'lil957','Catwoman');
INSERT INTO participe VALUES (37,'hug662','Arthas');
INSERT INTO participe VALUES (37,'oph5','nain');
INSERT INTO participe VALUES (37,'tar396','sorcière');
INSERT INTO participe VALUES (37,'bas186','dragon');
INSERT INTO participe VALUES (37,'bru985','Han Solo');
INSERT INTO participe VALUES (37,'océ467','Samus Aran');
INSERT INTO participe VALUES (37,'vir312','Sylvanas');
INSERT INTO participe VALUES (37,'luc651','alien');
INSERT INTO participe VALUES (37,'con528','soldat');
INSERT INTO participe VALUES (37,'max575','vampire');
INSERT INTO participe VALUES (37,'lou385','Aragorn');
INSERT INTO participe VALUES (37,'sév245','Harley Quinn');
INSERT INTO participe VALUES (37,'thé560','samouraï');
INSERT INTO participe VALUES (37,'tar17','fée');
INSERT INTO participe VALUES (37,'pat263','chevalier');
INSERT INTO participe VALUES (37,'bas791','XIII');
INSERT INTO participe VALUES (37,'amé480','dragon');
INSERT INTO participe VALUES (37,'pas511','pirate');
INSERT INTO participe VALUES (37,'zoé627','Zelda');
INSERT INTO participe VALUES (37,'joa527','sorcière');
INSERT INTO participe VALUES (37,'bén334','alien');
INSERT INTO participe VALUES (37,'san936','schtroumpf');
INSERT INTO participe VALUES (37,'fra853','nain');
INSERT INTO participe VALUES (37,'sim777','Spiderman');
INSERT INTO participe VALUES (37,'rég500','ninja');
INSERT INTO participe VALUES (37,'den946','cowboy');
INSERT INTO participe VALUES (37,'gra606','Cersei');
INSERT INTO participe VALUES (37,'ala690','Kylo Ren');
INSERT INTO participe VALUES (37,'sam303','Frankenstein');
INSERT INTO participe VALUES (37,'sop682','Rey');
INSERT INTO participe VALUES (37,'adè460','Daenerys');
INSERT INTO participe VALUES (37,'clé719','Largo Winch');
INSERT INTO participe VALUES (37,'ric524','Mario');
INSERT INTO participe VALUES (37,'lud751','Mario');
INSERT INTO participe VALUES (37,'hub851','indien');
INSERT INTO participe VALUES (37,'ale768','Iron Man');
INSERT INTO participe VALUES (37,'val11','chevalier');
INSERT INTO participe VALUES (37,'cla553','alien');
INSERT INTO participe VALUES (37,'ang598','Alyx Vance');
INSERT INTO participe VALUES (37,'aur375','Aurore');
INSERT INTO participe VALUES (37,'emi49','agent secret');
INSERT INTO participe VALUES (37,'flo659','Maléfique');
INSERT INTO participe VALUES (37,'ama113','Arwen');
INSERT INTO participe VALUES (37,'agn935','Arwen');
INSERT INTO participe VALUES (37,'sab240','Peach');
INSERT INTO participe VALUES (37,'jea578','Thrall');
INSERT INTO participe VALUES (37,'aur54','Lara Croft');
INSERT INTO participe VALUES (37,'moh462','Kylo Ren');
INSERT INTO participe VALUES (37,'ste728','Superman');
INSERT INTO participe VALUES (37,'hug136','Sonic');
INSERT INTO participe VALUES (37,'elo31','Mère Noël');
INSERT INTO participe VALUES (37,'aud748','Pikachu');
INSERT INTO participe VALUES (37,'aud35','cowboy');
INSERT INTO participe VALUES (37,'céc584','Bayonetta');
INSERT INTO participe VALUES (37,'myr25','Harley Quinn');
INSERT INTO participe VALUES (37,'ann868','Anna');
INSERT INTO participe VALUES (37,'fau512','zombie');
INSERT INTO participe VALUES (37,'léo774','Tyrion Lannister');
INSERT INTO participe VALUES (37,'geo485','Chapelier fou');
INSERT INTO participe VALUES (37,'léa251','policier');
INSERT INTO participe VALUES (37,'gui381','citrouille');
INSERT INTO participe VALUES (37,'léo972','Gordon Freeman');
INSERT INTO participe VALUES (37,'gab292','Père Noël');
INSERT INTO participe VALUES (37,'gaë580','pirate');
INSERT INTO participe VALUES (37,'rom279','soldat');
INSERT INTO participe VALUES (37,'vin165','pompier');
INSERT INTO participe VALUES (37,'jan637','Daenerys');
INSERT INTO participe VALUES (37,'mar280','Rey');
INSERT INTO participe VALUES (37,'ali992','Batgirl');
INSERT INTO participe VALUES (37,'emi754','épouvantail');
INSERT INTO participe VALUES (37,'gin141','Aurore');
INSERT INTO participe VALUES (37,'fra118','fée');
INSERT INTO participe VALUES (37,'adr699','dragon');
INSERT INTO participe VALUES (37,'odi484','citrouille');
INSERT INTO participe VALUES (37,'sol474','vampire');
INSERT INTO participe VALUES (37,'béa196','Leia');
INSERT INTO participe VALUES (37,'thi111','alien');
INSERT INTO participe VALUES (37,'mou175','');
INSERT INTO participe VALUES (37,'sus326','Rey');
INSERT INTO participe VALUES (37,'dap297','Poison Ivy');
INSERT INTO participe VALUES (38,'syl443','minion');
INSERT INTO participe VALUES (38,'lil994','dragon');
INSERT INTO participe VALUES (38,'chr523','Alyx Vance');
INSERT INTO participe VALUES (38,'sop878','Maléfique');
INSERT INTO participe VALUES (38,'art561','Indiana Jones');
INSERT INTO participe VALUES (38,'con131','');
INSERT INTO participe VALUES (38,'chr353','lutin');
INSERT INTO participe VALUES (38,'dia367','Bayonetta');
INSERT INTO participe VALUES (38,'pru308','princesse');
INSERT INTO participe VALUES (38,'luc338','agent secret');
INSERT INTO participe VALUES (38,'iph174','astronaute');
INSERT INTO participe VALUES (38,'thé393','lutin');
INSERT INTO participe VALUES (38,'fau24','agent secret');
INSERT INTO participe VALUES (38,'pén190','Poison Ivy');
INSERT INTO participe VALUES (38,'lis207','alien');
INSERT INTO participe VALUES (38,'geo485','minion');
INSERT INTO participe VALUES (38,'rob98','ninja');
INSERT INTO participe VALUES (38,'cyr225','citrouille');
INSERT INTO participe VALUES (38,'bry815','Tyrion Lannister');
INSERT INTO participe VALUES (38,'sam658','Double-face');
INSERT INTO participe VALUES (38,'maë409','Harley Quinn');
INSERT INTO participe VALUES (38,'art547','Iron Man');
INSERT INTO participe VALUES (38,'ash607','Peach');
INSERT INTO participe VALUES (38,'que615','Zelda');
INSERT INTO participe VALUES (38,'aur54','Kerrigan');
INSERT INTO participe VALUES (38,'sab240','Alyx Vance');
INSERT INTO participe VALUES (38,'ond310','épouvantail');
INSERT INTO participe VALUES (38,'flo421','Asterix');
INSERT INTO participe VALUES (38,'nie761','Link');
INSERT INTO participe VALUES (38,'alp495','lutin');
INSERT INTO participe VALUES (38,'chr780','magicien');
INSERT INTO participe VALUES (38,'ang763','Elsa');
INSERT INTO participe VALUES (38,'ant534','Merlin');
INSERT INTO participe VALUES (38,'cyr351','dragon');
INSERT INTO participe VALUES (38,'rég500','Indiana Jones');
INSERT INTO participe VALUES (38,'den872','citrouille');
INSERT INTO participe VALUES (38,'thé386','lapin');
INSERT INTO participe VALUES (38,'dia285','Mère Noël');
INSERT INTO participe VALUES (38,'kar816','agent secret');
INSERT INTO participe VALUES (38,'mar146','Catwoman');
INSERT INTO participe VALUES (38,'gré709','fantôme');
INSERT INTO participe VALUES (38,'vic392','Sylvanas');
INSERT INTO participe VALUES (38,'odi927','Sylvanas');
INSERT INTO participe VALUES (38,'bru229','zombie');
INSERT INTO participe VALUES (38,'ger998','épouvantail');
INSERT INTO participe VALUES (38,'mou157','Père Noël');
INSERT INTO participe VALUES (38,'pri708','princesse');
INSERT INTO participe VALUES (38,'yoh491','pompier');
INSERT INTO participe VALUES (38,'flo530','dragon');
INSERT INTO participe VALUES (38,'col429','Anna');
INSERT INTO participe VALUES (39,'bén933','Leia');
INSERT INTO participe VALUES (39,'jor478','vampire');
INSERT INTO participe VALUES (39,'pas913','Sylvanas');
INSERT INTO participe VALUES (39,'flo834','');
INSERT INTO participe VALUES (39,'lil488','indien');
INSERT INTO participe VALUES (39,'axe463','alien');
INSERT INTO participe VALUES (39,'dia67','pompier');
INSERT INTO participe VALUES (39,'loï442','lapin');
INSERT INTO participe VALUES (39,'mar787','lapin');
INSERT INTO participe VALUES (39,'béa196','Buffy');
INSERT INTO participe VALUES (39,'ang763','Alyx Vance');
INSERT INTO participe VALUES (39,'dav23','astronaute');
INSERT INTO participe VALUES (39,'ger660','XIII');
INSERT INTO participe VALUES (39,'thé737','Aragorn');
INSERT INTO participe VALUES (39,'nao724','zombie');
INSERT INTO participe VALUES (39,'jes376','Buffy');
INSERT INTO participe VALUES (39,'fab405','Largo Winch');
INSERT INTO participe VALUES (39,'mat423','zombie');
INSERT INTO participe VALUES (39,'pat498','Gaston Lagaffe');
INSERT INTO participe VALUES (39,'bri459','agent secret');
INSERT INTO participe VALUES (39,'arm208','Aragorn');
INSERT INTO participe VALUES (39,'meh864','nain');
INSERT INTO participe VALUES (39,'tar415','Cersei');
INSERT INTO participe VALUES (39,'jod278','lutin');
INSERT INTO participe VALUES (39,'did729','Luigi');
INSERT INTO participe VALUES (39,'pat263','chevalier');
INSERT INTO participe VALUES (39,'gin176','Rey');
INSERT INTO participe VALUES (39,'léo624','dragon');
INSERT INTO participe VALUES (39,'eli75','Buffy');
INSERT INTO participe VALUES (39,'ibr62','magicien');
INSERT INTO participe VALUES (39,'ren619','ninja');
INSERT INTO participe VALUES (39,'hub468','Double-face');
INSERT INTO participe VALUES (39,'isa541','Alyx Vance');
INSERT INTO participe VALUES (39,'eri248','cowboy');
INSERT INTO participe VALUES (39,'tan262','astronaute');
INSERT INTO participe VALUES (39,'sév661','Samus Aran');
INSERT INTO participe VALUES (39,'dia367','Anna');
INSERT INTO participe VALUES (39,'gin986','Harley Quinn');
INSERT INTO participe VALUES (39,'bry654','magicien');
INSERT INTO participe VALUES (39,'ant138','agent secret');
INSERT INTO participe VALUES (39,'vir912','Sephiroth');
INSERT INTO participe VALUES (39,'oli336','Poison Ivy');
INSERT INTO participe VALUES (39,'cla451','Aurore');
INSERT INTO participe VALUES (39,'rod958','samouraï');
INSERT INTO participe VALUES (39,'yan556','Merlin');
INSERT INTO participe VALUES (39,'ala219','Iron Man');
INSERT INTO participe VALUES (39,'val11','Jon Snow');
INSERT INTO participe VALUES (39,'que458','Jon Snow');
INSERT INTO participe VALUES (39,'iol794','Laureline');
INSERT INTO participe VALUES (39,'max388','schtroumpf');
INSERT INTO participe VALUES (39,'mou139','Gaston Lagaffe');
INSERT INTO participe VALUES (40,'oli932','Zelda');
INSERT INTO participe VALUES (40,'her525','Cendrillon');
INSERT INTO participe VALUES (40,'fau63','Tifa Lockhart');
INSERT INTO participe VALUES (40,'oli336','policier');
INSERT INTO participe VALUES (40,'emm124','dragon');
INSERT INTO participe VALUES (40,'chr281','ninja');
INSERT INTO participe VALUES (40,'ali576','Sylvanas');
INSERT INTO participe VALUES (40,'mar311','sorcière');
INSERT INTO participe VALUES (40,'chr222','Mère Noël');
INSERT INTO participe VALUES (40,'san936','Sylvanas');
INSERT INTO participe VALUES (40,'rég91','orc');
INSERT INTO participe VALUES (40,'eri248','Link');
INSERT INTO participe VALUES (40,'emm621','Spiderman');
INSERT INTO participe VALUES (40,'moh26','Luigi');
INSERT INTO participe VALUES (40,'ant161','Prince Charmant');
INSERT INTO participe VALUES (40,'cyr351','Merlin');
INSERT INTO participe VALUES (40,'ant825','astronaute');
INSERT INTO participe VALUES (40,'nie761','Pikachu');
INSERT INTO participe VALUES (40,'jea29','schtroumpf');
INSERT INTO participe VALUES (40,'syl479','bandit');
INSERT INTO participe VALUES (41,'jac9','Obelix');
INSERT INTO participe VALUES (41,'arm208','Frodon');
INSERT INTO participe VALUES (41,'nic235','Indiana Jones');
INSERT INTO participe VALUES (41,'lil957','Poison Ivy');
INSERT INTO participe VALUES (41,'mar453','Chapelier fou');
INSERT INTO participe VALUES (41,'tal418','ange');
INSERT INTO participe VALUES (41,'oli299','lapin');
INSERT INTO participe VALUES (41,'sus599','sorcière');
INSERT INTO participe VALUES (41,'val11','Iron Man');
INSERT INTO participe VALUES (41,'art828','alien');
INSERT INTO participe VALUES (41,'dor630','princesse');
INSERT INTO participe VALUES (41,'bap945','Double-face');
INSERT INTO participe VALUES (41,'man747','astronaute');
INSERT INTO participe VALUES (41,'mat629','Darth Vader');
INSERT INTO participe VALUES (41,'emm802','Anna');
INSERT INTO participe VALUES (41,'kar955','chevalier');
INSERT INTO participe VALUES (41,'joc565','policier');
INSERT INTO participe VALUES (41,'ros966','nain');
INSERT INTO participe VALUES (41,'syl703','indien');
INSERT INTO participe VALUES (41,'chr523','Catwoman');
INSERT INTO participe VALUES (41,'tar321','Daenerys');
INSERT INTO participe VALUES (41,'noé226','Mulan');
INSERT INTO participe VALUES (41,'mél16','nain');
INSERT INTO participe VALUES (41,'den872','Leia');
INSERT INTO participe VALUES (41,'val180','indien');
INSERT INTO participe VALUES (41,'tal475','vampire');
INSERT INTO participe VALUES (41,'nes185','Rey');
INSERT INTO participe VALUES (41,'emm914','policier');
INSERT INTO participe VALUES (41,'pén195','Alyx Vance');
INSERT INTO participe VALUES (41,'sol474','vampire');
INSERT INTO participe VALUES (41,'chr862','Darth Vader');
INSERT INTO participe VALUES (41,'chr187','Superman');
INSERT INTO participe VALUES (41,'jér270','');
INSERT INTO participe VALUES (41,'wal922','Spiderman');
INSERT INTO participe VALUES (41,'ant3','James Bond');
INSERT INTO participe VALUES (41,'rap342','Harley Quinn');
INSERT INTO participe VALUES (41,'bri459','indien');
INSERT INTO participe VALUES (41,'fau517','Harley Quinn');
INSERT INTO participe VALUES (41,'myr566','Pikachu');
INSERT INTO participe VALUES (41,'bas791','fantôme');
INSERT INTO participe VALUES (41,'jac545','Frodon');
INSERT INTO participe VALUES (41,'oli336','minion');
INSERT INTO participe VALUES (41,'dap297','Rey');
INSERT INTO participe VALUES (41,'emi356','Luigi');
INSERT INTO participe VALUES (41,'fra515','princesse');
INSERT INTO participe VALUES (41,'edo855','Spiderman');
INSERT INTO participe VALUES (41,'léo774','Tyrion Lannister');
INSERT INTO participe VALUES (41,'fra889','Double-face');
INSERT INTO participe VALUES (41,'sté22','démon');
INSERT INTO participe VALUES (41,'nat298','Gordon Freeman');
INSERT INTO participe VALUES (41,'axe947','lapin');
INSERT INTO participe VALUES (41,'est755','sirène');
INSERT INTO participe VALUES (41,'jér701','schtroumpf');
INSERT INTO participe VALUES (41,'mél265','lapin');
INSERT INTO participe VALUES (41,'den437','soldat');
INSERT INTO participe VALUES (41,'chr907','Gordon Freeman');
INSERT INTO participe VALUES (41,'bér494','démon');
INSERT INTO participe VALUES (41,'bla795','Superman');
INSERT INTO participe VALUES (41,'sév661','Cersei');
INSERT INTO participe VALUES (41,'bry441','James Bond');
INSERT INTO participe VALUES (41,'gab838','Mère Noël');
INSERT INTO participe VALUES (41,'flo834','Blanche Neige');
INSERT INTO participe VALUES (41,'yan347','cowboy');
INSERT INTO participe VALUES (41,'lis189','astronaute');
INSERT INTO participe VALUES (41,'bry903','bandit');
INSERT INTO participe VALUES (41,'tom276','Gandalf');
INSERT INTO participe VALUES (41,'mar280','indien');
INSERT INTO participe VALUES (41,'zac244','orc');
INSERT INTO participe VALUES (41,'lud99','Han Solo');
INSERT INTO participe VALUES (41,'les32','bandit');
INSERT INTO participe VALUES (41,'bru544','Gaston Lagaffe');
INSERT INTO participe VALUES (41,'pau856','Batgirl');
INSERT INTO participe VALUES (41,'rom610','vampire');
INSERT INTO participe VALUES (41,'iph675','Sylvanas');
INSERT INTO participe VALUES (42,'son594','Alyx Vance');
INSERT INTO participe VALUES (42,'rom345','Gaston Lagaffe');
INSERT INTO participe VALUES (42,'syl971','Luigi');
INSERT INTO participe VALUES (42,'son557','princesse');
INSERT INTO participe VALUES (42,'bas186','pirate');
INSERT INTO participe VALUES (42,'ant3','chevalier');
INSERT INTO participe VALUES (42,'vir372','Tyrion Lannister');
INSERT INTO participe VALUES (42,'fra705','Arthas');
INSERT INTO participe VALUES (42,'mou157','Link');
INSERT INTO participe VALUES (42,'clé350','Sylvanas');
INSERT INTO participe VALUES (42,'ant161','samouraï');
INSERT INTO participe VALUES (42,'ber0','Aragorn');
INSERT INTO participe VALUES (42,'lud239','Gordon Freeman');
INSERT INTO participe VALUES (42,'lis502','astronaute');
INSERT INTO participe VALUES (42,'bru438','Valerian');
INSERT INTO participe VALUES (42,'sté181','Arthas');
INSERT INTO participe VALUES (42,'ste969','dragon');
INSERT INTO participe VALUES (42,'man178','Zelda');
INSERT INTO participe VALUES (42,'eth102','fantôme');
INSERT INTO participe VALUES (42,'eme28','magicien');
INSERT INTO participe VALUES (42,'irè194','pompier');
INSERT INTO participe VALUES (42,'mar146','magicien');
INSERT INTO participe VALUES (42,'elé434','Daenerys');
INSERT INTO participe VALUES (42,'pab349','alien');
INSERT INTO participe VALUES (42,'mar404','cowboy');
INSERT INTO participe VALUES (42,'car954','Alyx Vance');
INSERT INTO participe VALUES (42,'nat535','princesse');
INSERT INTO participe VALUES (42,'art561','Lex Luthor');
INSERT INTO participe VALUES (42,'flo530','XIII');
INSERT INTO participe VALUES (42,'ibr152','ange');
INSERT INTO participe VALUES (42,'gas812','ninja');
INSERT INTO participe VALUES (42,'nao975','schtroumpf');
INSERT INTO participe VALUES (42,'hen885','Zelda');
INSERT INTO participe VALUES (42,'jul871','schtroumpf');
INSERT INTO participe VALUES (42,'sop133','Harley Quinn');
INSERT INTO participe VALUES (42,'ber752','épouvantail');
INSERT INTO participe VALUES (43,'ali576','sirène');
INSERT INTO participe VALUES (43,'thé863','Katniss');
INSERT INTO participe VALUES (43,'den117','pompier');
INSERT INTO participe VALUES (43,'myl973','Poison Ivy');
INSERT INTO participe VALUES (43,'fré892','Sephiroth');
INSERT INTO participe VALUES (43,'nao975','agent secret');
INSERT INTO participe VALUES (43,'ste315','agent secret');
INSERT INTO participe VALUES (43,'léo624','dragon');
INSERT INTO participe VALUES (43,'ann425','Clochette');
INSERT INTO participe VALUES (43,'emi319','minion');
INSERT INTO participe VALUES (43,'hug424','Pikachu');
INSERT INTO participe VALUES (43,'ibr782','Lex Luthor');
INSERT INTO participe VALUES (43,'jér270','Prince Charmant');
INSERT INTO participe VALUES (43,'vit797','Indiana Jones');
INSERT INTO participe VALUES (43,'aga730','Poison Ivy');
INSERT INTO participe VALUES (43,'nes398','ninja');
INSERT INTO participe VALUES (43,'dom101','');
INSERT INTO participe VALUES (43,'ros177','Katniss');
INSERT INTO participe VALUES (43,'rom279','ninja');
INSERT INTO participe VALUES (43,'eli75','agent secret');
INSERT INTO participe VALUES (43,'eri762','elfe');
INSERT INTO participe VALUES (43,'rég366','citrouille');
INSERT INTO participe VALUES (43,'myr961','dragon');
INSERT INTO participe VALUES (43,'pab493','Gandalf');
INSERT INTO participe VALUES (43,'col448','sorcière');
INSERT INTO participe VALUES (43,'joh636','agent secret');
INSERT INTO participe VALUES (43,'tal714','pompier');
INSERT INTO participe VALUES (43,'glo873','Harley Quinn');
INSERT INTO participe VALUES (43,'den465','chevalier');
INSERT INTO participe VALUES (43,'lil488','magicien');
INSERT INTO participe VALUES (43,'hub140','Père Noël');
INSERT INTO participe VALUES (43,'elo31','pirate');
INSERT INTO participe VALUES (43,'tim882','Luke');
INSERT INTO participe VALUES (43,'béa789','Kerrigan');
INSERT INTO participe VALUES (43,'art828','Valerian');
INSERT INTO participe VALUES (43,'vio204','');
INSERT INTO participe VALUES (43,'lou902','Spiderman');
INSERT INTO participe VALUES (43,'aur595','Pikachu');
INSERT INTO participe VALUES (43,'clé228','Rey');
INSERT INTO participe VALUES (43,'gin53','schtroumpf');
INSERT INTO participe VALUES (43,'val11','Kylo Ren');
INSERT INTO participe VALUES (43,'deb368','citrouille');
INSERT INTO participe VALUES (43,'ell697','Spiderman');
INSERT INTO participe VALUES (43,'sév507','chevalier');
INSERT INTO participe VALUES (43,'nao724','Buffy');
INSERT INTO participe VALUES (43,'sam645','XIII');
INSERT INTO participe VALUES (43,'bru832','zombie');
INSERT INTO participe VALUES (43,'les600','Maléfique');
INSERT INTO participe VALUES (43,'hug231','James Bond');
INSERT INTO participe VALUES (43,'oli793','agent secret');
INSERT INTO participe VALUES (43,'sim790','Anna');
INSERT INTO participe VALUES (43,'eli920','princesse');
INSERT INTO participe VALUES (43,'meh211','elfe');
INSERT INTO participe VALUES (43,'cor268','Alice');
INSERT INTO participe VALUES (43,'ale77','samouraï');
INSERT INTO participe VALUES (43,'luc929','Arthas');
INSERT INTO participe VALUES (43,'lud846','Merlin');
INSERT INTO participe VALUES (43,'gab215','fée');
INSERT INTO participe VALUES (43,'béa766','Mère Noël');
INSERT INTO participe VALUES (43,'pie184','James Bond');
INSERT INTO participe VALUES (43,'pas511','Zelda');
INSERT INTO participe VALUES (43,'yve379','chevalier');
INSERT INTO participe VALUES (43,'elé522','Alyx Vance');
INSERT INTO participe VALUES (43,'aga97','Zelda');
INSERT INTO participe VALUES (43,'jac9','Largo Winch');
INSERT INTO participe VALUES (43,'fle41','bandit');
INSERT INTO participe VALUES (44,'deb368','Batgirl');
INSERT INTO participe VALUES (44,'gas47','Link');
INSERT INTO participe VALUES (44,'eri762','Spiderman');
INSERT INTO participe VALUES (44,'eve84','Cersei');
INSERT INTO participe VALUES (44,'lis502','');
INSERT INTO participe VALUES (44,'est302','Samus Aran');
INSERT INTO participe VALUES (44,'tal247','princesse');
INSERT INTO participe VALUES (44,'bru229','Cloud Strife');
INSERT INTO participe VALUES (44,'bri639','soldat');
INSERT INTO participe VALUES (44,'van56','Clochette');
INSERT INTO participe VALUES (44,'gab215','elfe');
INSERT INTO participe VALUES (44,'ale736','Iron Man');
INSERT INTO participe VALUES (44,'hen885','Sylvanas');
INSERT INTO participe VALUES (44,'myl861','magicien');
INSERT INTO participe VALUES (45,'loï442','Pikachu');
INSERT INTO participe VALUES (45,'son781','Alyx Vance');
INSERT INTO participe VALUES (45,'chr222','Bayonetta');
INSERT INTO participe VALUES (45,'wal922','Mario');
INSERT INTO participe VALUES (45,'sop237','zombie');
INSERT INTO participe VALUES (45,'dia869','Zelda');
INSERT INTO participe VALUES (45,'alp888','cowboy');
INSERT INTO participe VALUES (45,'rom648','Maléfique');
INSERT INTO participe VALUES (45,'léo972','indien');
INSERT INTO participe VALUES (45,'vic289','Batgirl');
INSERT INTO participe VALUES (45,'ant672','cowboy');
INSERT INTO participe VALUES (45,'oct908','Superman');
INSERT INTO participe VALUES (45,'ann817','Lara Croft');
INSERT INTO participe VALUES (45,'uly652','vampire');
INSERT INTO participe VALUES (45,'tar321','Bayonetta');
INSERT INTO participe VALUES (45,'léo624','Cloud Strife');
INSERT INTO participe VALUES (45,'thé916','lapin');
INSERT INTO participe VALUES (45,'ali158','Clochette');
INSERT INTO participe VALUES (45,'dia518','Daenerys');
INSERT INTO participe VALUES (45,'viv836','pompier');
INSERT INTO participe VALUES (45,'mou48','alien');
INSERT INTO participe VALUES (45,'emm124','Cendrillon');
INSERT INTO participe VALUES (45,'gin141','citrouille');
INSERT INTO participe VALUES (45,'cyr225','Iron Man');
INSERT INTO participe VALUES (45,'jea785','magicien');
INSERT INTO participe VALUES (45,'rob98','Jon Snow');
INSERT INTO participe VALUES (45,'dom369','fantôme');
INSERT INTO participe VALUES (45,'luc338','Catwoman');
INSERT INTO participe VALUES (45,'del746','');
INSERT INTO participe VALUES (45,'emi754','ninja');
INSERT INTO participe VALUES (45,'nes398','sirène');
INSERT INTO participe VALUES (45,'sam645','Frodon');
INSERT INTO participe VALUES (45,'aga288','vampire');
INSERT INTO participe VALUES (45,'rég366','Spiderman');
INSERT INTO participe VALUES (45,'flo959','Largo Winch');
INSERT INTO participe VALUES (45,'cor400','Frodon');
INSERT INTO participe VALUES (45,'ros433','Bayonetta');
INSERT INTO participe VALUES (45,'iph174','Catwoman');
INSERT INTO participe VALUES (45,'sam658','James Bond');
INSERT INTO participe VALUES (45,'rom325','agent secret');
INSERT INTO participe VALUES (45,'mic960','magicien');
INSERT INTO participe VALUES (45,'pat498','ninja');
INSERT INTO participe VALUES (45,'pab74','indien');
INSERT INTO participe VALUES (45,'hub140','lutin');
INSERT INTO participe VALUES (45,'pie184','Asterix');
INSERT INTO participe VALUES (45,'rap342','Peach');
INSERT INTO participe VALUES (45,'pén190','Pikachu');
INSERT INTO participe VALUES (45,'odi906','Alyx Vance');
INSERT INTO participe VALUES (45,'yan331','Gaston Lagaffe');
INSERT INTO participe VALUES (45,'sév661','dragon');
INSERT INTO participe VALUES (45,'hél835','samouraï');
INSERT INTO participe VALUES (45,'del340','elfe');
INSERT INTO participe VALUES (45,'lei574','Poison Ivy');
INSERT INTO participe VALUES (45,'ric524','Frodon');
INSERT INTO participe VALUES (45,'rom345','Lex Luthor');
INSERT INTO participe VALUES (45,'amé241','Poison Ivy');
INSERT INTO participe VALUES (45,'gui132','Iron Man');
INSERT INTO participe VALUES (45,'den437','Kerrigan');
INSERT INTO participe VALUES (45,'béa789','vampire');
INSERT INTO participe VALUES (45,'eri248','chevalier');
INSERT INTO participe VALUES (45,'hug662','Han Solo');
INSERT INTO participe VALUES (45,'tom286','Gaston Lagaffe');
INSERT INTO participe VALUES (45,'dam925','Iron Man');
INSERT INTO participe VALUES (45,'pén195','Buffy');
INSERT INTO participe VALUES (45,'lis207','Mère Noël');
INSERT INTO participe VALUES (45,'phi581','Obelix');
INSERT INTO participe VALUES (45,'den407','épouvantail');
INSERT INTO participe VALUES (45,'bla427','Alyx Vance');
INSERT INTO participe VALUES (45,'ber752','chevalier');
INSERT INTO participe VALUES (45,'eli920','sirène');
INSERT INTO participe VALUES (45,'rog89','Darth Vader');
INSERT INTO participe VALUES (45,'gin696','Kerrigan');
INSERT INTO participe VALUES (45,'thi111','épouvantail');
INSERT INTO participe VALUES (45,'ala732','policier');
INSERT INTO participe VALUES (45,'adè460','soldat');
INSERT INTO participe VALUES (45,'mél265','fée');
INSERT INTO participe VALUES (45,'eth928','Asterix');
INSERT INTO participe VALUES (45,'léo520','elfe');
INSERT INTO participe VALUES (45,'dia285','Daenerys');
INSERT INTO participe VALUES (45,'hél260','Bayonetta');
INSERT INTO participe VALUES (45,'flo167','ange');
INSERT INTO participe VALUES (45,'luc950','Alice');
INSERT INTO participe VALUES (45,'fau24','Blanche Neige');
INSERT INTO participe VALUES (45,'ton83','Prince Charmant');
INSERT INTO participe VALUES (45,'chr353','sorcière');
INSERT INTO participe VALUES (45,'hél68','Aurore');
INSERT INTO participe VALUES (45,'irè300','Peach');
INSERT INTO participe VALUES (45,'vit473','soldat');
INSERT INTO participe VALUES (45,'sté904','minion');
INSERT INTO participe VALUES (45,'lud99','alien');
INSERT INTO participe VALUES (45,'thé694','XIII');
INSERT INTO participe VALUES (45,'xav200','Merlin');
INSERT INTO participe VALUES (45,'eve84','policier');
INSERT INTO participe VALUES (45,'bla795','Batman');
INSERT INTO participe VALUES (46,'sam658','Luke');
INSERT INTO participe VALUES (46,'ash456','Elsa');
INSERT INTO participe VALUES (46,'emm802','citrouille');
INSERT INTO participe VALUES (46,'gab753','Mario');
INSERT INTO participe VALUES (46,'hec533','magicien');
INSERT INTO participe VALUES (46,'man250','dragon');
INSERT INTO participe VALUES (46,'cyr387','Spiderman');
INSERT INTO participe VALUES (46,'aud748','policier');
INSERT INTO participe VALUES (46,'les600','Arwen');
INSERT INTO participe VALUES (46,'jér224','Merlin');
INSERT INTO participe VALUES (46,'vér733','Batgirl');
INSERT INTO participe VALUES (46,'vér874','sorcière');
INSERT INTO participe VALUES (46,'cyr351','Sonic');
INSERT INTO participe VALUES (46,'jac849','chevalier');
INSERT INTO participe VALUES (46,'elé12','magicien');
INSERT INTO participe VALUES (46,'sté823','orc');
INSERT INTO participe VALUES (46,'cla451','Peach');
INSERT INTO participe VALUES (46,'fle41','policier');
INSERT INTO participe VALUES (46,'max575','Sephiroth');
INSERT INTO participe VALUES (46,'sév245','Blanche Neige');
INSERT INTO participe VALUES (46,'rom279','Superman');
INSERT INTO participe VALUES (46,'gin696','Laureline');
INSERT INTO participe VALUES (46,'kev13','ninja');
INSERT INTO participe VALUES (46,'ger968','Aragorn');
INSERT INTO participe VALUES (46,'ali151','pompier');
INSERT INTO participe VALUES (46,'ber704','Blanche Neige');
INSERT INTO participe VALUES (46,'mar711','ninja');
INSERT INTO participe VALUES (46,'alp370','samouraï');
INSERT INTO participe VALUES (46,'jul871','lapin');
INSERT INTO participe VALUES (46,'ant138','indien');
INSERT INTO participe VALUES (46,'adè460','Elsa');
INSERT INTO participe VALUES (46,'mou48','Gordon Freeman');
INSERT INTO participe VALUES (46,'noé226','Cersei');
INSERT INTO participe VALUES (46,'mou175','Arthas');
INSERT INTO participe VALUES (46,'cri160','ange');
INSERT INTO participe VALUES (46,'thé737','Superman');
INSERT INTO participe VALUES (46,'flo834','nain');
INSERT INTO participe VALUES (46,'mic960','Largo Winch');
INSERT INTO participe VALUES (46,'sté181','Largo Winch');
INSERT INTO participe VALUES (46,'els213','Maléfique');
INSERT INTO participe VALUES (46,'ali158','épouvantail');
INSERT INTO participe VALUES (46,'ale686','soldat');
INSERT INTO participe VALUES (46,'ger252','dragon');
INSERT INTO participe VALUES (46,'moh679','orc');
INSERT INTO participe VALUES (46,'vic586','Indiana Jones');
INSERT INTO participe VALUES (46,'art828','fantôme');
INSERT INTO participe VALUES (46,'thi111','Pikachu');
INSERT INTO participe VALUES (47,'myr539','Mère Noël');
INSERT INTO participe VALUES (47,'eve987','pirate');
INSERT INTO participe VALUES (47,'léo972','Captain America');
INSERT INTO participe VALUES (47,'ber274','policier');
INSERT INTO participe VALUES (47,'val216','cowboy');
INSERT INTO participe VALUES (47,'mau685','ange');
INSERT INTO participe VALUES (47,'cam410','Spiderman');
INSERT INTO participe VALUES (47,'fra504','Aragorn');
INSERT INTO participe VALUES (47,'moh26','Aragorn');
INSERT INTO participe VALUES (47,'ali576','pompier');
INSERT INTO participe VALUES (47,'cyn731','ange');
INSERT INTO participe VALUES (47,'rha687','Maléfique');
INSERT INTO participe VALUES (47,'mat423','orc');
INSERT INTO participe VALUES (47,'yar472','Mulan');
INSERT INTO participe VALUES (47,'sop323','Harley Quinn');
INSERT INTO participe VALUES (47,'con131','citrouille');
INSERT INTO participe VALUES (47,'son594','Maléfique');
INSERT INTO participe VALUES (47,'lud99','chevalier');
INSERT INTO participe VALUES (47,'nin784','soldat');
INSERT INTO participe VALUES (47,'uly725','démon');
INSERT INTO participe VALUES (47,'jac9','Obelix');
INSERT INTO participe VALUES (47,'eri762','nain');
INSERT INTO participe VALUES (47,'sol474','policier');
INSERT INTO participe VALUES (47,'sop133','lapin');
INSERT INTO participe VALUES (47,'mar7','ninja');
INSERT INTO participe VALUES (47,'cha223','zombie');
INSERT INTO participe VALUES (47,'joa527','pompier');
INSERT INTO participe VALUES (47,'nie894','lutin');
INSERT INTO participe VALUES (47,'pru723','Alice');
INSERT INTO participe VALUES (47,'cha818','alien');
INSERT INTO participe VALUES (47,'elé522','Leia');
INSERT INTO participe VALUES (47,'sab806','Pikachu');
INSERT INTO participe VALUES (47,'tom286','pompier');
INSERT INTO participe VALUES (47,'iph174','Katniss');
INSERT INTO participe VALUES (47,'eli559','elfe');
INSERT INTO participe VALUES (47,'nao724','astronaute');
INSERT INTO participe VALUES (47,'flo333','pirate');
INSERT INTO participe VALUES (47,'jes984','Pikachu');
INSERT INTO participe VALUES (47,'ale736','Prince Charmant');
INSERT INTO participe VALUES (47,'amé952','Elsa');
INSERT INTO participe VALUES (47,'rém406','pirate');
INSERT INTO participe VALUES (47,'mar146','samouraï');
INSERT INTO participe VALUES (47,'sam645','Batman');
INSERT INTO participe VALUES (47,'inè436','samouraï');
INSERT INTO participe VALUES (47,'chr840','Catwoman');
INSERT INTO participe VALUES (48,'wen879','Alice');
INSERT INTO participe VALUES (48,'pat498','Merlin');
INSERT INTO participe VALUES (48,'cor268','Maléfique');
INSERT INTO participe VALUES (48,'ang598','Cersei');
INSERT INTO participe VALUES (48,'tom135','ange');
INSERT INTO participe VALUES (48,'est302','Kerrigan');
INSERT INTO participe VALUES (48,'gas812','nain');
INSERT INTO participe VALUES (48,'oli635','bandit');
INSERT INTO participe VALUES (48,'ang763','sirène');
INSERT INTO participe VALUES (48,'lud848','démon');
INSERT INTO participe VALUES (48,'bru832','policier');
INSERT INTO participe VALUES (48,'rog665','Han Solo');
INSERT INTO participe VALUES (48,'vir638','ange');
INSERT INTO participe VALUES (48,'iph174','Maléfique');
INSERT INTO participe VALUES (48,'rég378','Frankenstein');
INSERT INTO participe VALUES (48,'kar955','lutin');
INSERT INTO participe VALUES (48,'bar803','Alice');
INSERT INTO participe VALUES (48,'cam341','schtroumpf');
INSERT INTO participe VALUES (48,'aur788','');
INSERT INTO participe VALUES (48,'léo837','Luke');
INSERT INTO participe VALUES (48,'emm364','Rey');
INSERT INTO participe VALUES (48,'rod898','astronaute');
INSERT INTO participe VALUES (48,'hec896','ange');
INSERT INTO participe VALUES (48,'ann817','Peach');
INSERT INTO participe VALUES (48,'joc253','Han Solo');
INSERT INTO participe VALUES (48,'man564','indien');
INSERT INTO participe VALUES (48,'flo967','agent secret');
INSERT INTO participe VALUES (48,'ali576','Mulan');
INSERT INTO participe VALUES (48,'hug136','Asterix');
INSERT INTO participe VALUES (48,'gas51','James Bond');
INSERT INTO participe VALUES (48,'flo530','Spiderman');
INSERT INTO participe VALUES (48,'sol474','Pikachu');
INSERT INTO participe VALUES (48,'ger796','Gandalf');
INSERT INTO participe VALUES (48,'iol380','agent secret');
INSERT INTO participe VALUES (48,'jos870','Cloud Strife');
INSERT INTO participe VALUES (48,'bér206','Bayonetta');
INSERT INTO participe VALUES (48,'mou139','Aragorn');
INSERT INTO participe VALUES (48,'val171','Bayonetta');
INSERT INTO participe VALUES (48,'val216','chevalier');
INSERT INTO participe VALUES (48,'vin691','Luke');
INSERT INTO participe VALUES (48,'léo972','lutin');
INSERT INTO participe VALUES (48,'tar415','schtroumpf');
INSERT INTO participe VALUES (48,'pau656','Chapelier fou');
INSERT INTO participe VALUES (48,'ton83','Gaston Lagaffe');
INSERT INTO participe VALUES (48,'jea29','agent secret');
INSERT INTO participe VALUES (48,'thé201','Zelda');
INSERT INTO participe VALUES (48,'jea377','citrouille');
INSERT INTO participe VALUES (48,'lae996','Bayonetta');
INSERT INTO participe VALUES (48,'fau517','Laureline');
INSERT INTO participe VALUES (48,'gin36','soldat');
INSERT INTO participe VALUES (48,'den40','Tyrion Lannister');
INSERT INTO participe VALUES (48,'yar273','elfe');
INSERT INTO participe VALUES (48,'uly643','vampire');
INSERT INTO participe VALUES (48,'aud1','Buffy');
INSERT INTO participe VALUES (48,'noé226','zombie');
INSERT INTO participe VALUES (48,'sté726','Frodon');
INSERT INTO participe VALUES (48,'glo85','agent secret');
INSERT INTO participe VALUES (48,'meh864','Asterix');
INSERT INTO participe VALUES (48,'con339','Poison Ivy');
INSERT INTO participe VALUES (48,'cor612','indien');
INSERT INTO participe VALUES (48,'jam96','Sephiroth');
INSERT INTO participe VALUES (48,'jea578','Double-face');
INSERT INTO participe VALUES (48,'nic681','épouvantail');
INSERT INTO participe VALUES (48,'wal922','bandit');
INSERT INTO participe VALUES (48,'sab806','sorcière');
INSERT INTO participe VALUES (48,'amy428','lapin');
INSERT INTO participe VALUES (48,'sol290','pirate');
INSERT INTO participe VALUES (48,'gin821','ange');
INSERT INTO participe VALUES (48,'tar17','dragon');
INSERT INTO participe VALUES (48,'adr901','Iron Man');
INSERT INTO participe VALUES (48,'bén334','Zelda');
INSERT INTO participe VALUES (48,'aud168','samouraï');
INSERT INTO participe VALUES (48,'lou902','lutin');
INSERT INTO participe VALUES (48,'vio116','Cendrillon');
INSERT INTO participe VALUES (48,'van56','ninja');
INSERT INTO participe VALUES (48,'tom417','Mario');
INSERT INTO participe VALUES (48,'bry815','Arthas');
INSERT INTO participe VALUES (48,'sam934','Obelix');
INSERT INTO participe VALUES (49,'wal922','cowboy');
INSERT INTO participe VALUES (49,'aga800','Tifa Lockhart');
INSERT INTO participe VALUES (49,'jea785','Lex Luthor');
INSERT INTO participe VALUES (49,'jes335','Peach');
INSERT INTO participe VALUES (49,'val11','ange');
INSERT INTO participe VALUES (49,'uly652','magicien');
INSERT INTO participe VALUES (49,'lau991','Leia');
INSERT INTO participe VALUES (49,'ant138','Spiderman');
INSERT INTO participe VALUES (49,'zoé616','ninja');
INSERT INTO participe VALUES (49,'wil779','lapin');
INSERT INTO participe VALUES (49,'emm130','dragon');
INSERT INTO participe VALUES (49,'céd940','Cloud Strife');
INSERT INTO participe VALUES (49,'cha391','Pikachu');
INSERT INTO participe VALUES (49,'ste315','Tintin');
INSERT INTO participe VALUES (49,'jea78','Indiana Jones');
INSERT INTO participe VALUES (50,'del340','pirate');
INSERT INTO participe VALUES (50,'ant534','Iron Man');
INSERT INTO participe VALUES (50,'rég378','Sonic');
INSERT INTO participe VALUES (50,'den437','');
INSERT INTO participe VALUES (50,'mar166','Anna');
INSERT INTO participe VALUES (50,'myr826','Zelda');
INSERT INTO participe VALUES (50,'eve987','princesse');
INSERT INTO participe VALUES (50,'lis189','Zelda');
INSERT INTO participe VALUES (50,'val171','Aurore');
INSERT INTO participe VALUES (50,'chr734','lapin');
INSERT INTO participe VALUES (50,'fra504','XIII');
INSERT INTO participe VALUES (50,'ily542','soldat');
INSERT INTO participe VALUES (50,'moh205','pirate');
INSERT INTO participe VALUES (50,'béa789','Leia');
INSERT INTO participe VALUES (50,'flo967','Katniss');
INSERT INTO participe VALUES (50,'pas750','vampire');
INSERT INTO participe VALUES (50,'max575','Asterix');
INSERT INTO participe VALUES (50,'mar787','samouraï');
INSERT INTO participe VALUES (51,'aur788','Maléfique');
INSERT INTO participe VALUES (51,'pat529','Sonic');
INSERT INTO participe VALUES (51,'cyr712','Luke');
INSERT INTO participe VALUES (51,'lis360','Lara Croft');
INSERT INTO participe VALUES (51,'jér224','Lex Luthor');
INSERT INTO participe VALUES (51,'uly725','pirate');
INSERT INTO participe VALUES (51,'gin141','démon');
INSERT INTO participe VALUES (51,'ren820','cowboy');
INSERT INTO participe VALUES (51,'jos572','Batman');
INSERT INTO participe VALUES (51,'ale686','dragon');
INSERT INTO participe VALUES (51,'jam649','Double-face');
INSERT INTO participe VALUES (51,'ale666','zombie');
INSERT INTO participe VALUES (51,'ari317','citrouille');
INSERT INTO participe VALUES (51,'mar765','lutin');
INSERT INTO participe VALUES (51,'ali382','lapin');
INSERT INTO participe VALUES (51,'flo530','orc');
INSERT INTO participe VALUES (51,'bap945','James Bond');
INSERT INTO participe VALUES (51,'uly643','astronaute');
INSERT INTO participe VALUES (51,'jos870','alien');
INSERT INTO participe VALUES (51,'myr566','elfe');
INSERT INTO participe VALUES (51,'max575','Han Solo');
INSERT INTO participe VALUES (51,'luc950','dragon');
INSERT INTO participe VALUES (51,'aur919','Chapelier fou');
INSERT INTO participe VALUES (51,'ala39','Largo Winch');
INSERT INTO participe VALUES (51,'rob98','Lex Luthor');
INSERT INTO participe VALUES (51,'océ467','Harley Quinn');
INSERT INTO participe VALUES (51,'cha223','fée');
INSERT INTO participe VALUES (51,'sté726','Darth Vader');
INSERT INTO participe VALUES (51,'sop887','Pikachu');
INSERT INTO participe VALUES (51,'hec702','Sephiroth');
INSERT INTO participe VALUES (51,'aur153','Catwoman');
INSERT INTO participe VALUES (51,'emi923','Jon Snow');
INSERT INTO participe VALUES (51,'mic509','Kerrigan');
INSERT INTO participe VALUES (51,'sam490','alien');
INSERT INTO participe VALUES (51,'nic526','Luigi');
INSERT INTO participe VALUES (51,'lae309','Aurore');
INSERT INTO participe VALUES (51,'aur33','ange');
INSERT INTO participe VALUES (51,'jor717','Iron Man');
INSERT INTO participe VALUES (51,'arn256','Aragorn');
INSERT INTO participe VALUES (51,'fra504','pompier');
INSERT INTO participe VALUES (51,'léo624','Obelix');
INSERT INTO participe VALUES (51,'ste740','magicien');
INSERT INTO participe VALUES (51,'aud168','citrouille');
INSERT INTO participe VALUES (51,'hél68','Bayonetta');
INSERT INTO participe VALUES (51,'océ786','Bayonetta');
INSERT INTO participe VALUES (51,'isa942','Rey');
INSERT INTO participe VALUES (51,'son238','Rey');
INSERT INTO participe VALUES (51,'wal269','Indiana Jones');
INSERT INTO participe VALUES (51,'tan262','Katniss');
INSERT INTO participe VALUES (52,'flo967','ange');
INSERT INTO participe VALUES (52,'aur153','citrouille');
INSERT INTO participe VALUES (52,'clé505','Frankenstein');
INSERT INTO participe VALUES (52,'luc917','Thrall');
INSERT INTO participe VALUES (52,'nic867','astronaute');
INSERT INTO participe VALUES (52,'san650','samouraï');
INSERT INTO participe VALUES (52,'pru723','zombie');
INSERT INTO participe VALUES (52,'myl861','Elsa');
INSERT INTO participe VALUES (52,'iol380','Harley Quinn');
INSERT INTO participe VALUES (52,'jea69','Asterix');
INSERT INTO participe VALUES (52,'ale736','agent secret');
INSERT INTO participe VALUES (52,'fra515','');
INSERT INTO participe VALUES (52,'flo530','James Bond');
INSERT INTO participe VALUES (52,'gin141','lutin');
INSERT INTO participe VALUES (52,'mar80','Zelda');
INSERT INTO participe VALUES (52,'gab753','Chapelier fou');
INSERT INTO participe VALUES (52,'tom417','alien');
INSERT INTO participe VALUES (52,'rém738','Darth Vader');
INSERT INTO participe VALUES (52,'fré892','James Bond');
INSERT INTO participe VALUES (52,'mar711','minion');
INSERT INTO participe VALUES (52,'adr307','démon');
INSERT INTO participe VALUES (52,'ama995','Elsa');
INSERT INTO participe VALUES (52,'hub140','Captain America');
INSERT INTO participe VALUES (52,'ala670','policier');
INSERT INTO participe VALUES (52,'myl258','Poison Ivy');
INSERT INTO participe VALUES (52,'vio764','');
INSERT INTO participe VALUES (52,'dia869','Mulan');
INSERT INTO participe VALUES (52,'sam645','XIII');
INSERT INTO participe VALUES (52,'ale686','magicien');
INSERT INTO participe VALUES (53,'sol290','soldat');
INSERT INTO participe VALUES (53,'emi301','pompier');
INSERT INTO participe VALUES (53,'jes984','Daenerys');
INSERT INTO participe VALUES (53,'lou306','Père Noël');
INSERT INTO participe VALUES (53,'nes185','Alice');
INSERT INTO participe VALUES (53,'tal475','Mère Noël');
INSERT INTO participe VALUES (53,'tho106','agent secret');
INSERT INTO participe VALUES (53,'sab240','chevalier');
INSERT INTO participe VALUES (53,'jac849','vampire');
INSERT INTO participe VALUES (53,'joh965','ange');
INSERT INTO participe VALUES (53,'cam521','astronaute');
INSERT INTO participe VALUES (53,'mar311','Buffy');
INSERT INTO participe VALUES (53,'isa541','Pikachu');
INSERT INTO participe VALUES (53,'art770','Captain America');
INSERT INTO participe VALUES (53,'elo31','Katniss');
INSERT INTO participe VALUES (54,'jam649','agent secret');
INSERT INTO participe VALUES (54,'irè300','ange');
INSERT INTO participe VALUES (54,'gui132','indien');
INSERT INTO participe VALUES (54,'nat506','Clochette');
INSERT INTO participe VALUES (54,'bru985','Frankenstein');
INSERT INTO participe VALUES (54,'céd739','soldat');
INSERT INTO participe VALUES (54,'iph675','schtroumpf');
INSERT INTO participe VALUES (54,'clé814','Tyrion Lannister');
INSERT INTO participe VALUES (54,'ren469','zombie');
INSERT INTO participe VALUES (54,'sum492','cowboy');
INSERT INTO participe VALUES (54,'dap482','Alyx Vance');
INSERT INTO participe VALUES (54,'mar7','Buffy');
INSERT INTO participe VALUES (54,'moh205','lutin');
INSERT INTO participe VALUES (54,'luc390','Iron Man');
INSERT INTO participe VALUES (54,'nol144','Lara Croft');
INSERT INTO participe VALUES (54,'flo530','Captain America');
INSERT INTO participe VALUES (54,'yan347','ange');
INSERT INTO participe VALUES (54,'kev13','Valerian');
INSERT INTO participe VALUES (54,'axe947','astronaute');
INSERT INTO participe VALUES (54,'vic586','Link');
INSERT INTO participe VALUES (54,'thi430','schtroumpf');
INSERT INTO participe VALUES (54,'lou395','Kylo Ren');
INSERT INTO participe VALUES (54,'mic926','démon');
INSERT INTO participe VALUES (54,'vic587','Catwoman');
INSERT INTO participe VALUES (54,'léo972','Superman');
INSERT INTO participe VALUES (54,'agn538','épouvantail');
INSERT INTO participe VALUES (54,'gas669','citrouille');
INSERT INTO participe VALUES (54,'mél842','fantôme');
INSERT INTO participe VALUES (54,'cha87','Arwen');
INSERT INTO participe VALUES (54,'val171','Elsa');
INSERT INTO participe VALUES (54,'syl313','indien');
INSERT INTO participe VALUES (54,'ang763','Clochette');
INSERT INTO participe VALUES (54,'sam374','ange');
INSERT INTO participe VALUES (54,'vér733','lutin');
INSERT INTO participe VALUES (54,'myr25','lutin');
INSERT INTO participe VALUES (54,'sol290','Clochette');
INSERT INTO participe VALUES (54,'san936','Maléfique');
INSERT INTO participe VALUES (54,'chr187','nain');
INSERT INTO participe VALUES (54,'pab349','Kylo Ren');
INSERT INTO participe VALUES (54,'joh804','orc');
INSERT INTO participe VALUES (54,'gab839','dragon');
INSERT INTO participe VALUES (54,'emi49','Poison Ivy');
INSERT INTO participe VALUES (54,'nic235','dragon');
INSERT INTO participe VALUES (54,'edo855','Superman');
INSERT INTO participe VALUES (54,'cél108','Blanche Neige');
INSERT INTO participe VALUES (54,'ros433','Laureline');
INSERT INTO participe VALUES (54,'aur153','Mère Noël');
INSERT INTO participe VALUES (54,'wil487','pompier');
INSERT INTO participe VALUES (54,'cha895','Aurore');
INSERT INTO participe VALUES (54,'max454','Merlin');
INSERT INTO participe VALUES (55,'bri549','Sonic');
INSERT INTO participe VALUES (55,'aud127','Cendrillon');
INSERT INTO participe VALUES (55,'jul871','Spiderman');
INSERT INTO participe VALUES (55,'nas710','Superman');
INSERT INTO participe VALUES (55,'sté22','Cendrillon');
INSERT INTO participe VALUES (55,'luc338','lapin');
INSERT INTO participe VALUES (55,'flo659','Bayonetta');
INSERT INTO participe VALUES (55,'gaë580','Lara Croft');
INSERT INTO participe VALUES (55,'chr281','zombie');
INSERT INTO participe VALUES (55,'dam554','James Bond');
INSERT INTO participe VALUES (55,'thé393','elfe');
INSERT INTO participe VALUES (56,'sop988','Batgirl');
INSERT INTO participe VALUES (56,'tal418','Zelda');
INSERT INTO participe VALUES (56,'rap881','ange');
INSERT INTO participe VALUES (56,'chr183','Asterix');
INSERT INTO participe VALUES (56,'viv182','Batman');
INSERT INTO participe VALUES (56,'pas455','magicien');
INSERT INTO participe VALUES (56,'loï568','samouraï');
INSERT INTO participe VALUES (56,'fra853','cowboy');
INSERT INTO participe VALUES (56,'rég145','ninja');
INSERT INTO participe VALUES (56,'sab806','vampire');
INSERT INTO participe VALUES (56,'gab838','Anna');
INSERT INTO participe VALUES (56,'aud168','cowboy');
INSERT INTO participe VALUES (56,'den543','Katniss');
INSERT INTO participe VALUES (56,'léo837','Largo Winch');
INSERT INTO participe VALUES (56,'emm130','Sephiroth');
INSERT INTO participe VALUES (56,'tal475','Arwen');
INSERT INTO participe VALUES (56,'rom470','Gandalf');
INSERT INTO participe VALUES (56,'ali992','policier');
INSERT INTO participe VALUES (56,'son781','lutin');
INSERT INTO participe VALUES (56,'eli55','Buffy');
INSERT INTO participe VALUES (56,'edo855','James Bond');
INSERT INTO participe VALUES (56,'axe287','Luke');
INSERT INTO participe VALUES (56,'oph642','Samus Aran');
INSERT INTO participe VALUES (56,'odi927','Sylvanas');
INSERT INTO participe VALUES (56,'ala115','chevalier');
INSERT INTO participe VALUES (56,'yve875','Valerian');
INSERT INTO participe VALUES (56,'lis207','soldat');
INSERT INTO participe VALUES (56,'axe947','pompier');
INSERT INTO participe VALUES (56,'ash607','Daenerys');
INSERT INTO participe VALUES (56,'bén933','Alyx Vance');
INSERT INTO participe VALUES (56,'eri134','Mario');
INSERT INTO participe VALUES (56,'loï976','Tintin');
INSERT INTO participe VALUES (56,'nas710','Valerian');
INSERT INTO participe VALUES (56,'myr539','citrouille');
INSERT INTO participe VALUES (56,'adr830','policier');
INSERT INTO participe VALUES (56,'hen885','Tifa Lockhart');
INSERT INTO participe VALUES (56,'nin447','Samus Aran');
INSERT INTO participe VALUES (56,'céd940','Sonic');
INSERT INTO participe VALUES (56,'pau656','indien');
INSERT INTO participe VALUES (57,'elé799','sirène');
INSERT INTO participe VALUES (57,'meh864','Mario');
INSERT INTO participe VALUES (57,'oli932','Zelda');
INSERT INTO participe VALUES (57,'bru544','Superman');
INSERT INTO participe VALUES (57,'jér701','Han Solo');
INSERT INTO participe VALUES (57,'vit797','Luigi');
INSERT INTO participe VALUES (57,'océ786','ange');
INSERT INTO participe VALUES (57,'val11','Kylo Ren');
INSERT INTO participe VALUES (57,'mou175','Gordon Freeman');
INSERT INTO participe VALUES (57,'ari317','Rey');
INSERT INTO participe VALUES (57,'mar311','Clochette');
INSERT INTO participe VALUES (57,'nic235','bandit');
INSERT INTO participe VALUES (57,'chr503','Link');
INSERT INTO participe VALUES (57,'hug275','lapin');
INSERT INTO participe VALUES (57,'lis207','Leia');
INSERT INTO participe VALUES (57,'léo758','Kylo Ren');
INSERT INTO participe VALUES (57,'jul384','zombie');
INSERT INTO participe VALUES (57,'jea684','Elsa');
INSERT INTO participe VALUES (57,'eve192','Mulan');
INSERT INTO participe VALUES (57,'emm64','Kerrigan');
INSERT INTO participe VALUES (57,'yas499','Peach');
INSERT INTO participe VALUES (57,'eri762','Luke');
INSERT INTO participe VALUES (57,'gin986','Blanche Neige');
INSERT INTO participe VALUES (57,'myr539','lutin');
INSERT INTO participe VALUES (57,'oph259','agent secret');
INSERT INTO participe VALUES (57,'deb368','soldat');
INSERT INTO participe VALUES (57,'rég378','Frodon');
INSERT INTO participe VALUES (57,'her653','Sylvanas');
INSERT INTO participe VALUES (57,'myl861','Batgirl');
INSERT INTO participe VALUES (57,'nor413','chevalier');
INSERT INTO participe VALUES (57,'man250','Cendrillon');
INSERT INTO participe VALUES (57,'nin784','sirène');
INSERT INTO participe VALUES (57,'ton19','policier');
INSERT INTO participe VALUES (57,'yas962','alien');
INSERT INTO participe VALUES (57,'man622','fantôme');
INSERT INTO participe VALUES (57,'pau656','lapin');
INSERT INTO participe VALUES (57,'thé688','magicien');
INSERT INTO participe VALUES (57,'tom286','Mario');
INSERT INTO participe VALUES (57,'odi805','Maléfique');
INSERT INTO participe VALUES (57,'léo972','indien');
INSERT INTO participe VALUES (57,'chr222','fantôme');
INSERT INTO participe VALUES (57,'thé801','fantôme');
INSERT INTO participe VALUES (57,'ala316','agent secret');
INSERT INTO participe VALUES (57,'den437','minion');
INSERT INTO participe VALUES (57,'eth20','Indiana Jones');
INSERT INTO participe VALUES (57,'yoh792','bandit');
INSERT INTO participe VALUES (57,'flo94','Buffy');
INSERT INTO participe VALUES (57,'vic893','Arwen');
INSERT INTO participe VALUES (57,'aga730','Poison Ivy');
INSERT INTO participe VALUES (57,'aur716','Leia');
INSERT INTO participe VALUES (57,'ren469','Chapelier fou');
INSERT INTO participe VALUES (57,'yoh383','');
INSERT INTO participe VALUES (57,'mél359','Harley Quinn');
INSERT INTO participe VALUES (57,'yar858','pompier');
INSERT INTO participe VALUES (57,'dim613','ange');
INSERT INTO participe VALUES (57,'chr353','dragon');
INSERT INTO participe VALUES (58,'adr699','policier');
INSERT INTO participe VALUES (58,'thi430','Han Solo');
INSERT INTO participe VALUES (58,'ond43','Batgirl');
INSERT INTO participe VALUES (58,'cyr712','chevalier');
INSERT INTO participe VALUES (58,'max454','Pikachu');
INSERT INTO participe VALUES (58,'gin821','fée');
INSERT INTO participe VALUES (58,'fab405','Frodon');
INSERT INTO participe VALUES (58,'sop682','Alyx Vance');
INSERT INTO participe VALUES (58,'cor193','Luigi');
INSERT INTO participe VALUES (58,'séb149','ange');
INSERT INTO participe VALUES (58,'vir638','soldat');
INSERT INTO participe VALUES (59,'sév245','minion');
INSERT INTO participe VALUES (59,'cha169','ange');
INSERT INTO participe VALUES (59,'mar431','Cendrillon');
INSERT INTO participe VALUES (59,'mar787','samouraï');
INSERT INTO participe VALUES (59,'wil496','Gordon Freeman');
INSERT INTO participe VALUES (59,'eli55','Buffy');
INSERT INTO participe VALUES (59,'cor612','Arwen');
INSERT INTO participe VALUES (59,'gui132','Chapelier fou');
INSERT INTO participe VALUES (59,'gas585','schtroumpf');
INSERT INTO participe VALUES (59,'ond310','Katniss');
INSERT INTO participe VALUES (59,'cyr981','citrouille');
INSERT INTO participe VALUES (59,'vic125','Katniss');
INSERT INTO participe VALUES (59,'ash14','sorcière');
INSERT INTO participe VALUES (59,'pas511','elfe');
INSERT INTO participe VALUES (59,'art547','Batman');
INSERT INTO participe VALUES (59,'thi111','Indiana Jones');
INSERT INTO participe VALUES (59,'eli75','ninja');
INSERT INTO participe VALUES (59,'emi49','Laureline');
INSERT INTO participe VALUES (59,'kar955','Asterix');
INSERT INTO participe VALUES (59,'fau348','Leia');

