{
    "λύω": {
        "pres": {
            "stem1": "λύ",
            "stem2": "λυ"
        },
        "imperfect": {
            "stem1": "ἔλυ",
            "stem2": "ἐλύ",
            "stem3": "ἐλυ"
        },
        "future": {
            "stem1": "λύσ",
            "stem2": "λυσ",
            "stem4": "λυθ"
        },
        "aorist": {
            "stem1": "ἔλυσ",
            "stem2": "ἐλύσ",
            "stem3": "ἐλυσ",
            "stem4": "ἐλύθ"
        }
    }
}


