{
    "pres": {
        "A": {
            "I": {
                "1S": "{stem1}ω",
                "2S": "{stem1}εις",
                "3S": "{stem1}ει",
                "1P": "{stem1}ομεν",
                "2P": "{stem1}ετε",
                "3P": ["{stem1}ουσι","{stem1}ουσιν"]
            }
        },
        "MP": {
            "I": {
                "1S": "{stem1}ομαι",
                "2S": "{stem1}ῃ",
                "3S": "{stem1}εται",
                "1P": "{stem2}όμεθα",
                "2P": "{stem1}εσθε",
                "3P": "{stem1}ονται"
            }
        }
    },
    "imperfect": {
        "A": {
            "I": {
                "1S": "{stem1}ον",
                "2S": "{stem1}ες",
                "3S": "{stem1}ε",
                "1P": "{stem2}ομεν",
                "2P": "{stem2}ετε",
                "3P": "{stem1}ον"
            }
        },
        "MP": {
            "I": {
                "1S": "{stem3}όμην",
                "2S": "{stem2}ου",
                "3S": "{stem2}ετο",
                "1P": "{stem3}όμεθα",
                "2P": "{stem2}εσθε",
                "3P": "{stem2}οντο"
            }
        }
    },
    "future": {
        "A": {
            "I": {
                "1S": "{stem1}ω",
                "2S": "{stem1}εις",
                "3S": "{stem1}ει",
                "1P": "{stem1}ομεν",
                "2P": "{stem1}ετε",
                "3P": "{stem1}ουσι(ν)"
            }
        },
        "M": {
            "I": {
                "1S": "{stem1}ομαι",
                "2S": "{stem1}ῃ",
                "3S": "{stem1}εται",
                "1P": "{stem2}όμεθα",
                "2P": "{stem1}εσθε",
                "3P": "{stem1}ονται"
            }
        },
        "P": {
            "I": {
                "1S": "{stem4}ήσομαι",
                "2S": "{stem4}ήσῃ",
                "3S": "{stem4}ήσεται",
                "1P": "{stem4}ησόμεθα",
                "2P": "{stem4}ήσεσθε",
                "3P": "{stem4}ήσονται"
            }
        }
    }
}
